"latitude","longitude","id","icao_24bit","heading","altitude","ground_speed","squawk","aircraft_code","registration","time","origin_airport_iata","destination_airport_iata","number","airline_iata","on_ground","vertical_speed","callsign","airline_icao"
"62.18","-14.04","3453cc14","80165C","119","39000","447","","B38M","VT-BXN","1710207343","KEF","KWI","IX4","IX","0","64","AXB004",""
"35.82","-13.04","3453b709","346385","229","32975","462","","B789","EC-NGN","1710207335","MAD","EZE","UX41","UX","0","0","AEA041","AEA"
"56.07","-10.86","3453d543","AE117D","280","30025","385","","C17","02-1111","1710207223","","","RCH315","RC","0","256","RCH315","RCH"
"40.88","-10.75","3452a5d5","345353","93","39000","506","","B788","EC-MOM","1710207339","SAP","MAD","UX16","UX","0","0","AEA016","AEA"
"49.25","-10.46","345311ac","A0A522","96","37000","528","","B78X","N14001","1710207341","EWR","TLV","UA84","UA","0","0","UAL84","UAL"
"38.78","-9.14","3453a107","496C6A","343","0","0","","GRND","","1710207338","LIS","","","","1","0","MN084",""
"38.77","-9.13","3453a70d","496C29","188","0","0","","GRND","","1710207342","LIS","","","","1","0","FM007",""
"37.16","-8.61","3453a416","49003D","180","0","0","","GRND","DU23F","1710207341","","","","","1","0","",""
"38.94","-8.26","3453ce4a","34740F","246","36975","466","","B788","EC-NZG","1710207341","MAD","UIO","UX39","UX","0","-64","AEA039","AEA"
"66.29","-7.9","3451f78f","86E778","155","40975","472","","B789","JA871A","1710207342","HND","FRA","NH203","NH","0","0","ANA203","ANA"
"53.42","-6.25","3453ac1c","4CA295","168","0","0","","A320","EI-DEO","1710207340","DUB","","","","1","0","EIDEO","EIN"
"44.42","-6.08","34538c0f","4ACA8B","36","36000","440","","B38M","SE-RTK","1710207340","TFS","HEL","D82879","D8","0","0","NSZ9LH","NOZ"
"36.54","-5.82","34537a8b","44CCC8","23","38000","451","","A333","OO-SFH","1710207340","DSS","BRU","SN204","SN","0","0","BEL24D","BEL"
"36.68","-5.24","3453af14","4CAE05","53","38000","454","","B38M","EI-RZE","1710207340","TFS","MXP","NO1461","NO","0","0","NOS1461","NOS"
"45.26","-4.99","345385d1","461FA0","44","32000","439","","A321","OH-LZK","1710207341","LPA","HEL","AY1724","AY","0","0","FIN18T","FIN"
"36.68","-4.5","3453ac71","3413C2","208","0","1","","GRND","","1710207341","","","","","1","0","H8",""
"36.13","-4.39","3453499d","020145","224","37000","436","","A320","CN-NMO","1710207340","SAW","CMN","3O438","3O","0","0","MAC438","ABY"
"38.24","-4.1","3453c86d","34520E","247","33000","449","","A332","EC-MMG","1710207342","BCN","EZE","IB2601","IB","0","0","IBE2601","IBE"
"40.5","-3.7","3453c57e","10C307D4","0","0","0","","GLID","WW-MP","1710207323","","","","","1","0","WWMP",""
"40.5","-3.7","3453c4b8","10C3088C","0","0","0","","GLID","IGC-16","1710207339","","","","","1","0","IGC16",""
"40.49","-3.58","3453e20a","3472CC","350","0","11","","A20N","EC-NTQ","1710207342","MAD","","","","1","0","","IBE"
"40.46","-3.54","3453dded","344305","45","0","0","","A333","EC-LUK","1710207342","MAD","","","","1","0","","IBE"
"49.5","-3.34","34529902","8964A1","101","35000","538","","B77W","A6-EQI","1710207339","DFW","DXB","EK222","EK","0","0","UAE4M","UAE"
"35.8","-3.27","34534128","4892C2","38","36000","454","","B38M","SP-EXC","1710207342","SID","WAW","E47004","E4","0","0","ENT7004","ENT"
"54.83","-2.82","3453d42e","40761A","334","25250","382","","B734","G-NPTX","1710207339","STN","EDI","","","0","-192","NPT10K","NPT"
"40.16","-2.45","3453df5d","342155","132","18000","278","","AT43","EC-JBX","1710207339","MAD","PMI","MDF332","MD","0","512","MDF332","SWT"
"53.35","-2.28","3453a0d7","4CAD54","45","0","17","","B38M","EI-HGV","1710207342","WRO","MAN","FR8307","FR","1","0","RYR5WH","RYR"
"53.36","-2.27","3453dd01","4258BD","196","0","1","","GRND","","1710207274","","","","","1","0","OPS3",""
"53.03","-2.17","3453d164","407477","305","34000","378","","B738","G-NPTA","1710207340","STN","BFS","","","0","0","NPT2C","NPT"
"34.79","-1.94","3453a9c6","01015C","61","0","0","","A333","SU-GDT","1710207339","OUD","CAI","MS3016","MS","1","0","MSR3016","MSR"
"53.21","-1.77","3453e3bd","407504","339","16350","372","","B734","G-CKUZ","1710207340","EMA","","","","0","2624","NPT10K","NPT"
"34.9","-1.76","3453d3d6","4BC882","54","33000","465","","A21N","TC-RDB","1710207339","CMN","SAW","PC652","PC","0","0","PGT652","PGT"
"52.46","-1.75","34539066","424A83","47","0","18","","GRND","","1710207340","","","","","1","0","RANGER9",""
"52.45","-1.74","3453d311","424A7D","126","0","7","","GRND","","1710207342","","","","","1","0","RANGER5",""
"52.45","-1.73","3453bfca","424A7E","53","0","11","","GRND","","1710207342","","","","","1","0","RANGER6",""
"52.65","-1.44","3453dfb8","4BB721","162","11275","364","","A321","TC-MYA","1710207341","EMA","CGN","MB9389","MB","0","704","MNB9389","MNB"
"52.83","-1.35","3453ea02","440BCD","2","0","1","","B752","OE-LNW","1710207330","EMA","CPH","","","1","0","BCS8VJ","DHK"
"52.83","-1.33","3453e97b","407D84","268","375","121","","AT75","G-LMRY","1710207340","EMA","INV","","","0","-256","LOG39LN","LOG"
"52.3","-0.85","3453ac1d","440BC7","319","11200","344","","B752","OE-LNK","1710207341","MXP","EMA","","","0","-2432","BCS5NR","DHK"
"45.28","-0.83","3453e636","39A054","359","25525","340","","H25B","F-HICU","1710207341","BOD","STN","ARL127","AR","0","1920","ARL127","ARL"
"53.17","-0.53","3453c565","43C39D","30","0","0","","R135","ZZ666","1710207341","WTN","","RRR7206","RR","1","0","RRR7206","RFR"
"51.47","-0.48","3453b0f1","4008AE","346","0","0","","A319","G-EUPO","1710207335","LHR","","","","1","0","BAW327X","BAW"
"51.47","-0.48","3453e6db","407536","170","0","4","","A20N","G-TTNF","1710207342","LHR","","","","1","0","GTTNF","BAW"
"35.41","-0.4","3453cf5d","010247","64","33050","476","","A21N","SU-GFW","1710207339","CMN","CAI","MS862","MS","0","-64","MSR862","MSR"
"51.88","-0.38","3453c229","494106","219","0","0","","E55P","CS-PHF","1710207337","LTN","","","","1","0","NJE523A","NJE"
"51.15","-0.21","3453dd1f","43BFE0","357","0","0","","GRND","","1710207342","","","","","1","0","LEADER7",""
"51.15","-0.2","345283c6","4007EC","75","0","17","","B772","G-YMMA","1710207342","CUN","LGW","BA2202","BA","1","0","BAW2202","BAW"
"51.15","-0.18","3453a763","43BFDE","2","0","0","","GRND","","1710207342","","","","","1","0","LEADER10",""
"51.15","-0.18","3453c067","43BFE6","70","0","0","","GRND","","1710207342","","","","","1","0","FIRE2",""
"51.16","-0.18","3453b09a","4078EF","167","0","13","","A21N","G-UZMI","1710207334","LGW","","","","1","0","","EZY"
"51.16","-0.18","3453af7f","4073A0","168","0","0","","A20N","G-UZHC","1710207342","LGW","","","","1","0","","EZY"
"51.16","-0.17","3453e7cd","406B84","207","0","0","","A320","G-GATS","1710207319","LGW","","","","1","0","GGATS","BAW"
"49.0","0.23","3452ca05","896598","104","37000","537","","A35K","A6-XWC","1710207340","ORD","AUH","EY150","EY","0","64","ETD76T","ETD"
"44.19","1.67","3453ccb4","347303","183","14825","366","","B738","EC-NXV","1710207342","CDG","TLS","WT5629","WT","0","-1536","SWT5629","SWT"
"49.91","1.71","3453bf3e","4CA761","312","36025","366","","B738","EI-EFF","1710207342","BGY","BRS","FR3559","FR","0","0","RYR1QM","RYR"
"48.02","1.88","3453aaec","C2B5AD","249","1825","137","","C30J","130614","1710207341","","","CFC2591","CF","0","-768","CFC2591","CFC"
"41.17","2.03","34532551","3444D0","18","2400","165","","A320","EC-MBD","1710207339","BJL","BCN","VY7575","VY","0","-896","VLG7575","VLG"
"41.29","2.08","3453c268","344691","180","0","0","","A320","EC-MEQ","1710207332","BCN","","","","1","0","ECMEQ","VLG"
"41.29","2.1","34539c2a","341047","261","0","0","","GRND","","1710207265","","","","","1","0","BZ08",""
"48.72","2.35","3453b3ff","3B6DFF","199","0","0","","","","1710207299","ORY","","","","1","0","SMU4",""
"48.73","2.38","345389d2","3AD1FF","337","0","0","","GRND","","1710207310","","","","","1","0","ENT1",""
"49.01","2.5","3453b3eb","ACA251","180","0","0","","B752","N913FD","1710207329","CDG","","FX6307","FX","1","0","FDX6307","FDX"
"49.03","2.53","3453c7b6","392B5B","29","0","0","","GRND","","1710207337","","","","","1","0","RX07",""
"51.14","2.74","3453d561","405F32","104","24000","474","","B763","G-DHLE","1710207342","EMA","BRU","D036","D0","0","0","DHK036","DHK"
"51.53","2.78","345336f2","40768B","300","37975","394","","A20N","G-UZHW","1710207340","HRG","MAN","U22252","U2","0","0","EZY28ZJ","EZY"
"36.7","3.21","3453df5a","0A6027","26","0","0","","GRND","","1710207326","","","","","1","0","TXPALG30",""
"36.74","3.3","3453afd7","0A0093","232","825","119","","B737","7T-VKT","1710207341","DJG","ALG","AH6295","AH","0","-576","DAH6295","DAH"
"39.16","3.62","3453b8c6","A6E3E6","254","34975","412","","MD11","N543JN","1710207339","NSY","ROZ","KD187","KD","0","0","CMB187","WGN"
"52.87","3.64","3453d75a","4CC4F1","341","36000","412","","B763","TF-ISP","1710207341","LGG","KEF","FI721","FI","0","0","ICE721","ICE"
"34.65","3.9","34535ec8","44CCC6","1","38000","466","","A333","OO-SFF","1710207335","COO","BRU","SN229","SN","0","0","BEL29Q","BEL"
"49.07","4.09","3453d772","347302","217","36975","460","","B738","EC-NXU","1710207340","CGN","VIT","QY448","QY","0","0","BCS448","DHK"
"34.97","4.15","345359a7","4850E6","7","36000","460","","A333","PH-AKF","1710207337","LOS","AMS","KL588","KL","0","-64","KLM588","KLM"
"51.27","4.43","3453dbf9","A3979F","290","34000","418","","B763","N330UP","1710207342","CGN","EMA","5X232","5X","0","-64","UPS232","UPS"
"51.95","4.44","345397e2","4846A0","275","0","1","","GRND","BRW702","1710207342","","","","","1","0","BRW702",""
"50.9","4.47","3453a8af","44D1C3","180","0","0","","B738","OO-TNC","1710207309","BRU","","","","1","0","","TUI"
"50.9","4.49","3453e621","44D068","269","0","0","","A320","OO-TCH","1710207338","BRU","","","","1","0","BEL6LG","BEL"
"49.19","4.49","3453c73b","440BC9","329","38000","391","","B752","OE-LNO","1710207339","MXP","STN","QY2120","QY","0","0","BCS2120","DHK"
"60.77","4.72","3453e13b","47A711","156","325","53","","A169","LN-OXH","1710207341","BGO","","ALI1","AL","0","-320","ALI01","ALI"
"58.38","4.82","34534a3b","0101DF","319","36000","480","","B789","SU-GEV","1710207340","CAI","IAD","MS981","MS","0","0","MSR981","MSR"
"39.73","4.91","34532e3e","020123","252","41000","454","","B788","CN-RGU","1710207339","MED","","AT2808","AT","0","0","RAM2808","RAM"
"52.05","4.94","3453b551","4853D1","286","4850","246","","B738","PH-HXG","1710207340","BUD","AMS","HV6902","HV","0","-1216","TRA6902","TRA"
"45.72","5.08","3453dcea","4401E4","180","0","0","","A319","OE-LQD","1710207337","LYS","","","","1","0","EJU91DV","EZY"
"43.44","5.21","3453c2bd","396677","61","0","17","","B734","F-GZTX","1710207341","CDG","MRS","5O701","5O","1","0","FPO701","ABR"
"43.35","5.31","34539927","3474CE","344","2350","139","","B738","EC-OBN","1710207340","CDG","MRS","WT5745","WT","0","-512","SWT5745","NPT"
"51.01","5.39","3453cec1","3C70B4","269","8550","277","","B752","D-ALET","1710207339","LEJ","BRU","","","0","-1216","BCS71C","DHK"
"51.46","5.39","34527857","4854CB","123","0","0","","B738","PH-HBL","1710207342","AGP","EIN","HV6654","HV","1","0","TRA8M","TRA"
"42.23","5.4","345347ac","392D6C","350","45025","432","","FA8X","F-GLLM","1710207339","NDJ","LBG","","","0","-64","DSO03LM","DSO"
"46.22","6.1","3453b4b4","4B17E0","154","0","5","","BCS1","HB-JBC","1710207265","GVA","","","","1","0","SWR47D","SWR"
"42.38","6.22","3453e161","","129","22975","413","","A124","","1710207342","","","","","0","1472","A124",""
"34.61","6.66","3452b947","3C6568","358","40000","442","","A333","D-AIKH","1710207339","WDH","FRA","4Y133","4Y","0","0","OCN133C","OCN"
"48.54","6.68","34532be7","407FC2","318","34000","384","","A21N","G-WUKV","1710207340","AMM","LTN","W95170","W9","0","-64","WUK628","WZZ"
"40.73","6.68","34536bc5","347247","282","35950","393","","A21N","EC-NST","1710207340","CAI","MAD","IB3627","IB","0","0","IBS3627","IBS"
"33.7","6.73","3453535c","44CCD8","359","36000","469","","A333","OO-SFX","1710207341","NSI","BRU","SN369","SN","0","0","BEL39G","BEL"
"50.19","6.74","34537494","04015C","285","19000","359","","B77L","ET-AVT","1710207341","BUD","LGG","ET3707","ET","0","-1856","ETH3707","ETH"
"47.91","6.75","3452c145","4BB1C5","105","37000","468","","A333","TC-LNE","1710207339","JFK","IST","TK4","TK","0","0","THY4","THY"
"45.31","6.81","34537a1d","4BB183","286","36000","452","","B789","TC-LLC","1710207340","IST","CCS","TK223","TK","0","0","THY223","THY"
"51.8","7.04","3453cea8","4D2401","95","37000","458","","A21N","9H-WAC","1710207340","LTN","KTW","W61006","W6","0","0","WZZ54KM","WZZ"
"50.87","7.13","345391bb","45CE4B","45","0","0","","B762","OY-SRK","1710207337","CGN","","DJ6119","DJ","1","0","SRR6119","SRR"
"50.87","7.14","3453bba1","A826E9","227","0","0","","B748","N624UP","1710207335","CGN","","5X213","5X","1","0","UPS213","UPS"
"50.85","7.17","3453e176","45CE56","139","1600","171","","B763","OY-SRV","1710207340","CGN","CDG","DJ6316","DJ","0","2368","SRR6316","SRR"
"54.02","7.58","3453cf00","43EA06","65","40000","420","","LJ45","M-ABGV","1710207341","STN","RIX","","","0","128","MABGV","RYR"
"46.8","7.59","3453e865","4B43D1","0","0","142","","A109","HB-ZRT","1710207340","","","","","0","64","RGA10","RGA"
"51.03","7.78","3453e06e","452112","37","18025","366","","B738","LZ-CXC","1710207340","CGN","CPH","","","0","3584","BCS1KH","ADZ"
"50.78","7.93","345383a7","4BB722","298","17175","368","","A321","TC-MYB","1710207341","IST","CGN","MB600","MB","0","-1984","MNB600","MNB"
"40.62","8.01","3453bd56","738061","100","34000","494","","B738","4X-EKT","1710207341","MAD","TLV","LY398","LY","0","0","ELY398","ELY"
"42.11","8.06","3453d050","399549","116","12800","309","","BE20","F-HFKJ","1710207342","MRS","AJA","","","0","-1664","AGH22A","AGH"
"48.39","8.09","34536ff9","","281","43000","470","","FA7X","","1710207342","","","","","0","0","FA7X",""
"45.1","8.2","3453db5a","34310D","233","22825","394","","B752","EC-KLD","1710207342","MXP","VIT","QY422","QY","0","2176","BCS422","RGN"
"49.1","8.24","3452ad9f","4BB0EF","119","39000","495","","A359","TC-LGO","1710207342","ORD","IST","TK186","TK","0","0","THY84U","THY"
"47.46","8.56","3453a7b8","4B1805","5","0","0","","BCS3","HB-JCN","1710207340","ZRH","","","","1","0","SWR","SWR"
"50.9","8.66","3452ce1d","896190","108","39000","496","","A388","A6-EEQ","1710207341","YYZ","DXB","EK242","EK","0","-64","UAE242","UAE"
"45.62","8.72","3453e988","34648A","348","0","0","","B734","EC-NMK","1710207340","MXP","MAD","QY8340","QY","1","0","BCS8340","DHK"
"45.62","8.72","3453986f","01D789","76","0","0","","GRND","","1710207340","","","","","1","0","MIKE1",""
"44.77","8.76","344c237f","105065CC","0","0","0","","TRIN","I-E204","1710207341","","","","","1","0","IE204",""
"45.81","8.77","34538c66","DF0862","0","0","0","","GLID","LILC","1710207321","","","","","1","0","LILC",""
"51.33","8.86","3453da4a","346318","261","30000","454","","B752","EC-NHF","1710207341","LEJ","BRU","QY8049","QY","0","0","BCS8049","RGN"
"36.32","8.98","3453c8d9","3473D3","96","39025","542","","A333","EC-NYJ","1710207339","ORN","","SV9350","SV","0","0","SVA9350","PLM"
"36.93","9.11","345350fc","0A0092","267","37975","381","","B737","7T-VKS","1710207339","IST","ALG","AH3015","AH","0","-64","DAH3015","DAH"
"50.77","9.11","3453cf63","AE0237","106","33050","396","","K35R","61-0315","1710207338","MHZ","","","","0","128","","RCH"
"39.38","9.24","3453e68f","4CAB69","43","10750","297","","B734","EI-GUA","1710207340","CAG","FCO","M49784","M4","0","3776","MSA9784","MSA"
"59.63","9.65","3453d6fb","478132","143","1225","10","","EH10","0284","1710207340","RYG","","","","0","0","SAVER60","NOW"
"49.92","9.7","3452f7ca","3E27AC","105","4750","167","","PA34","D-IGFK","1710207342","NUE","","","","0","-64","DIGFK",""
"45.4","9.95","3452cdf3","896558","5","8325","233","","A21N","A6-ATB","1710207341","SHJ","BGY","G9712","G9","0","-2368","ABY712","ABY"
"45.6","9.96","3453bee4","4D2251","358","4425","199","","B738","9H-QCK","1710207340","WRO","BGY","","","0","-1344","RYR7747","RYR"
"53.32","10.07","3453d239","10C30A0C","0","0","0","","DRON","5C0F01","1710207331","","","","","1","0","5C0F01",""
"49.42","10.42","3452eaa5","AA3086","289","34050","489","","B744","N756CA","1710207342","SHJ","LGG","N8840","N8","0","0","NCR840","NCR"
"51.08","10.58","3453d0cb","3C70B1","80","24200","398","","B752","D-ALEQ","1710207341","BRU","LEJ","","","0","-1344","BCS25C","DHK"
"47.34","10.58","3452caa4","896535","105","39000","492","","B789","A6-BLX","1710207341","JFK","AUH","EY102","EY","0","0","ETD5SJ","ETD"
"56.39","10.58","3453d50e","5110C8","239","20000","263","","SF34","ES-LSH","1710207340","JKG","BLL","AEG402","AE","0","0","AEG402","AEG"
"59.95","10.72","3453eae3","47C01E","158","375","5","","EC35","LN-OUD","1710207342","","","DOC19","DO","0","256","DOC19","DOC"
"51.72","10.81","3453e138","01024F","128","28050","398","","A20N","SU-BUQ","1710207340","HAJ","HRG","SM2933","SM","0","1472","MSC2933","MSC"
"45.24","10.85","3453db38","424C07","116","31850","432","","LJ45","M-ABRB","1710207340","BGY","TIA","","","0","2816","MABRB","RYR"
"51.3","10.89","3453dfee","4005D4","281","25000","468","","B763","G-DHLL","1710207340","LEJ","EMA","","","0","2176","DHK4AW","DHK"
"49.59","10.91","3452b65c","4BB46E","123","37000","467","","A333","TC-MCN","1710207341","JFK","IST","MB413","MB","0","0","MNB413","MNB"
"60.01","10.96","3453d3eb","347505","8","3600","205","","AT73","EC-JXF","1710207340","JKG","OSL","WT8007","WT","0","-832","SWT8007","SWT"
"60.2","11.08","3453e994","4788CB","315","0","0","","GRND","","1710207342","","","","","1","0","BRANN23",""
"60.2","11.08","3453e2a6","4788EA","239","0","1","","GRND","","1710207341","","","","","1","0","BRANN22",""
"60.2","11.08","3453d918","478939","98","0","0","","GRND","","1710207342","OSL","","","","1","0","BRANN21",""
"60.2","11.08","3453e535","478953","180","0","0","","GRND","","1710207342","OSL","","","","1","0","BRANN68",""
"60.19","11.09","3453c432","4788BD","115","0","0","","GRND","","1710207342","","","","","1","0","MENZIES1",""
"60.19","11.09","3453b9e9","4788BE","33","0","0","","GRND","","1710207342","","","","","1","0","MENZIES2",""
"48.05","11.09","3452bf9e","4BB154","117","35000","461","","B77L","TC-LJT","1710207340","YYZ","IST","TK6013","TK","0","0","THY6013","THY"
"60.19","11.11","3453dadd","4788A8","180","0","0","","GRND","BRANN15","1710207342","","","","","1","0","BRANN15",""
"60.19","11.11","3453858d","4788A7","135","0","0","","GRND","BRANN14","1710207342","","","","","1","0","BRANN14",""
"60.19","11.11","3453b250","4788DA","357","0","0","","GRND","","1710207342","","","","","1","0","BRANN12",""
"60.19","11.11","3453b6c4","478954","286","0","0","","GRND","","1710207342","","","","","1","0","BRANN69",""
"44.49","11.11","34534ab7","4D226B","295","5925","266","","B738","9H-QCA","1710207340","AMM","BLQ","FR5080","FR","0","-1280","RYR5080","RYR"
"51.45","11.14","3453bb15","407CF7","75","15925","367","","B77L","G-DHLX","1710207340","EMA","LEJ","D0516","D0","0","-2880","DHK516","DHK"
"39.61","11.27","3453b485","495CD0","111","37000","520","","A333","CS-WFP","1710207340","MAD","BLR","3P9715","3P","0","0","WPT9715","WFL"
"49.48","11.3","3452da88","3C5824","280","3875","172","","CL60","D-AFAD","1710207340","DWC","NUE","IFA4242","IF","0","-1152","IFA4242","IFA"
"36.62","11.39","34532e1b","02A1A7","277","17050","312","","A320","TS-INH","1710207339","JED","TUN","BJ4131","BJ","0","-1984","LBT4131","LBT"
"48.36","11.8","3453d813","3C41C9","180","0","0","","GRND","","1710207307","","","","","1","0","TXLU07",""
"52.39","11.91","3453d42c","440BC1","190","24700","392","","B752","OE-LND","1710207341","CPH","LEJ","QY179","QY","0","-1536","BCS179","DHK"
"54.64","11.96","3453b122","345292","17","21000","378","","B734","EC-MNM","1710207342","MXP","CPH","","","0","-2432","BCS8CW","SWT"
"51.41","12.2","3453eabc","440BC8","5","0","2","","B752","OE-LNL","1710207342","LEJ","BCN","QY8000","QY","1","0","BCS8000","DHK"
"51.41","12.2","3453a053","3C8191","264","0","24","","GRND","","1710207291","","","","","1","0","FM5",""
"51.41","12.23","3453d3ea","3C81B9","188","0","1","","GRND","EAT1","1710207335","","","","","1","0","EAT1",""
"51.41","12.23","3453cea6","3C81CB","264","0","12","","GRND","","1710207342","LEJ","","","","1","0","DHL7",""
"51.41","12.23","3453ea13","3C5433","354","0","0","","A306","D-AEAS","1710207340","LEJ","VIT","","","1","0","BCS73B","DHK"
"51.41","12.24","345315cb","4CA383","267","0","0","","B734","EI-STI","1710207342","BTS","LEJ","","","1","0","BCS13J","ABR"
"51.41","12.24","3453e72b","440BBE","5","0","0","","B752","OE-LNA","1710207340","LEJ","CGN","QY166","QY","1","0","BCS166","DHK"
"51.41","12.24","3453a50e","3C8190","267","0","0","","GRND","","1710207338","","","","","1","0","FM4",""
"51.41","12.25","34539ec9","3C818F","78","0","0","","GRND","","1710207341","","","","","1","0","FM3",""
"41.79","12.26","3453e920","4CA87C","295","0","0","","A332","EI-EJG","1710207340","FCO","","","","1","0","","ITY"
"34.93","12.42","34533ca4","4BB06C","60","37000","518","","B38M","TC-LCL","1710207340","ACC","IST","TK630","TK","0","0","THY3KA","THY"
"54.59","13.05","34537cc3","4BB196","318","36000","474","","B789","TC-LLV","1710207342","IST","HAV","TK195","TK","0","0","THY195","THY"
"41.18","13.11","3452867b","7380C9","118","36975","516","","B789","4X-EDK","1710207342","MIA","TLV","LY18","LY","0","64","ELY018","ELY"
"48.77","13.19","3453c9de","06A0DE","113","33000","434","","B77L","A7-BFE","1710207342","LGG","DOH","QR8035","QR","0","0","QTR48E","QTR"
"58.54","13.6","3453e289","440615","225","14000","270","","AT43","OE-HZA","1710207338","ORB","GOT","JUP7341","JU","0","512","JUP7341","IMX"
"40.99","13.65","3452aae7","7380C6","119","38975","526","","B789","4X-EDH","1710207340","JFK","TLV","LY4","LY","0","0","ELY004","ELY"
"52.45","13.68","3453e3f4","DD077E","0","0","92","","R44","D-HVBV","1710207337","","","","","1","0","DHVBV",""
"37.66","13.73","3453e083","32000E","143","4975","106","","A139","MM81815","1710207341","","","","","0","-64","POLI109",""
"51.56","14.01","34536f45","7380C7","323","36000","500","","B789","4X-EDI","1710207341","TLV","EWR","LY25","LY","0","-64","ELY025","ELY"
"35.83","14.22","3453a051","710120","96","38975","577","","B789","HZ-ARG","1710207341","CMN","MED","SV3446","SV","0","64","SVA3446","SVA"
"50.1","14.26","3453bf70","49F085","92","0","0","","GRND","","1710207342","","","","","1","0","",""
"50.11","14.27","3453bfd2","49F015","81","0","0","","GRND","POZARNI4","1710207341","","","","","1","0","POZAR4",""
"35.85","14.49","3453dbe5","4D24DE","180","0","0","","A20N","9H-NEF","1710207338","MLA","","","","1","0","","AMC"
"47.21","14.51","3453b3e6","4D2103","119","35025","422","","CRJ2","9H-JOY","1710207341","LTN","ISL","","","0","0","AXY905G","AXY"
"41.22","14.66","34530a0c","040199","291","38000","450","","B789","ET-AYC","1710207339","ADD","FCO","ET574","ET","0","-320","ETH574","ETH"
"51.43","14.71","3453b87c","471F8E","105","25975","418","","A320","HA-LYS","1710207341","LTN","WRO","W61804","W6","0","-3904","WZZ85VK","WZZ"
"59.02","15.48","3453dcd6","4A9C4C","245","2800","154","","PA34","SE-GBL","1710207341","NYO","","","","0","64","SEGBL",""
"38.17","15.53","3453eae1","3006ED","344","450","40","","A169","I-MCSH","1710207339","","","","","0","0","IMCSH","INR"
"50.84","15.74","34538b66","471F41","25","34000","438","","A21N","HA-LVT","1710207342","ALC","GDN","W61708","W6","0","-64","WZZ1EB","WZZ"
"60.55","15.9","3453c998","4ACAC6","33","44950","386","","PC24","SE-RVF","1710207342","GOT","UME","","","0","64","SWE04W","SWE"
"45.73","16.06","34539ae0","501F37","326","0","0","","GRND","","1710207341","","","","","1","0","BIRD",""
"45.74","16.06","3453c601","501F5F","133","0","0","","GRND","","1710207323","","","","","1","0","TESTRU1",""
"36.85","16.41","3452deb0","4BA9E1","46","41000","534","","A333","TC-JOA","1710207341","LAD","IST","TK539","TK","0","0","THY539","THY"
"48.12","16.57","3452bf36","440CAB","205","0","0","","A20N","OE-LZN","1710207339","LHR","VIE","OS456","OS","1","0","AUA6EA","AUA"
"48.12","16.57","3453bae5","440052","145","0","0","","A320","OE-LBS","1710207339","VIE","","","","1","0","AUA3SV","AUA"
"48.12","16.57","3453aa08","44065C","137","0","0","","A320","OE-LBX","1710207342","VIE","","","","1","0","AUA6Y","AUA"
"48.12","16.57","3453ce77","440608","333","0","0","","A320","OE-LZA","1710207341","VIE","","","","1","0","","AUA"
"48.12","16.57","3453e37b","600B20","25","0","0","","B744","4K-SW800","1710207337","VIE","MXP","7L277","7L","1","0","AZG277","AZG"
"38.9","16.85","3453c176","452086","224","35975","390","","A320","LZ-BHL","1710207342","SOF","NIM","8H7001","8H","0","0","BGH7001","UBD"
"48.9","17.08","3453cc19","4BB463","133","34975","403","","A306","TC-MCC","1710207340","LEJ","CDG","MB9402","MB","0","64","MNB9402","MNB"
"38.06","17.34","3453b808","4BAA6C","62","33025","522","","A321","TC-JSL","1710207341","ALG","IST","TK656","TK","0","0","THY5LY","THY"
"38.88","17.84","3452b96f","4D2122","287","43025","441","","GLEX","9H-NBB","1710207341","DWC","MAD","","","0","64","EAU53B",""
"40.78","18.08","345316da","04004C","307","39975","461","","B788","ET-AOV","1710207339","ADD","FCO","ET500","ET","0","0","ETH500","ETH"
"47.4","18.55","3453b71f","5140C6","114","37025","442","","B763","4L-GIT","1710207341","LGG","TBS","GH2102","GH","0","64","IGT2102","IGT"
"50.06","18.64","34529b47","A31A77","306","36000","492","","B789","N29985","1710207341","DEL","EWR","UA83","UA","0","-64","UAL83","UAL"
"35.29","18.74","3453b8c7","3463DA","99","39025","545","","A333","EC-NHM","1710207340","ALG","MED","SV2477","SV","0","0","SVA2477","PLM"
"49.81","19.0","3453c8d5","D0098B","0","0","0","","GLID","SP-ABB2","1710207338","","","","","1","0","SPABB2",""
"45.73","19.03","3452a07e","A6CAA1","144","39000","481","","B744","N537CA","1710207339","JFK","TLV","N8867","N8","0","0","NCR867","NCR"
"47.62","19.14","3453cda9","1031D864","0","0","0","","GLID","PETRA62","1710207339","","","","","1","0","PETRA62",""
"47.43","19.24","3453c8aa","474806","126","0","0","","GRND","","1710207342","","","","","1","0","",""
"50.48","19.28","3453c68a","3C70B6","270","3450","192","","B752","D-ALEV","1710207341","LEJ","KTW","QY5914","QY","0","-1088","BCS5914","DHK"
"46.64","19.58","34538751","7380C3","322","33975","510","","B789","4X-EDD","1710207339","TLV","LAX","LY5","LY","0","64","ELY005","ELY"
"39.82","19.59","34531b30","040203","313","40000","466","","A359","ET-AYM","1710207341","ADD","FCO","ET552","ET","0","0","ETH552","ETH"
"48.28","19.64","34539009","471F62","131","33000","398","","A321","HA-LXA","1710207339","GLA","OTP","W43014","W4","0","64","WMT37AU","WZZ"
"46.29","19.96","34538e7e","7380CB","323","34000","505","","B789","4X-EDM","1710207340","TLV","JFK","LY1","LY","0","0","ELY001","ELY"
"44.98","20.45","3453af60","4BC88C","131","33000","434","","A21N","TC-RDL","1710207339","CGN","SAW","PC1014","PC","0","-64","PGT68EF","PGT"
"35.7","20.49","34537a71","0200ED","108","35025","527","","B738","CN-RGH","1710207341","CMN","CAI","AT272","AT","0","0","RAM272C","RAM"
"43.91","20.58","34529e61","8003E3","112","35000","476","","B77W","VT-ALK","1710207341","JFK","DEL","AI102","AI","0","64","AIC102","AIC"
"54.9","20.63","3453546b","02007A","54","36000","448","","B738","CN-ROP","1710207342","CMN","DME","AT220","AT","0","0","RAM220","RAM"
"50.55","20.69","3453bab4","45D970","338","40000","467","","A339","OY-VKP","1710207342","VAR","ARN","DK2577","DK","0","0","VKG2577","VKG"
"57.55","20.87","3453d56d","4BB84F","153","37025","466","","A20N","TC-NBO","1710207342","ARN","ESB","PC1676","PC","0","0","PGT1676","PGT"
"52.17","20.95","3453be24","48E925","292","0","1","","GRND","","1710207340","","","","","1","0","STRAZ3",""
"52.17","20.95","3453be39","48E927","343","0","1","","GRND","","1710207342","","","","","1","0","STRAZ4",""
"52.17","20.95","3453d81d","48E928","309","0","0","","GRND","","1710207341","","","","","1","0","STRAZ12",""
"52.18","20.96","3453c31f","48E977","132","0","0","","GRND","","1710207341","","","","","1","0","HOL14",""
"52.18","20.96","3453db46","48E924","129","0","0","","GRND","","1710207341","","","","","1","0","STRAZ2",""
"52.18","20.96","3453bda1","48E920","275","0","0","","GRND","","1710207342","","","","","1","0","STRAZ7",""
"42.58","21.03","3453d20e","4BC88A","264","0","0","","A21N","TC-RDJ","1710207341","PRN","","PC342","PC","1","0","PGT342","PGT"
"42.55","21.04","34538bc5","407A06","356","2125","147","","A20N","G-UZLM","1710207338","HRG","EDI","U23320","U2","0","-896","EZY27CZ","EZY"
"34.97","21.06","3453d11b","0A0086","282","40000","401","","A332","7T-VJB","1710207339","MED","ALG","AH387","AH","0","0","DAH387","DAH"
"40.76","21.31","3453db81","4BB876","82","35000","483","","A20N","TC-NCV","1710207341","TIA","SAW","PC282","PC","0","0","PGT3LP","PGT"
"43.75","21.36","345392f2","4BC849","114","31000","436","","A21N","TC-RBI","1710207342","STN","SAW","PC1170","PC","0","0","PGT1170","PGT"
"40.03","21.44","34539e97","710101","140","35000","475","","B77L","HZ-AK72","1710207339","LGG","RUH","SV924","SV","0","-64","SVA924","SVA"
"49.16","21.49","3451f94a","4AC8DA","339","40000","490","","B789","SE-RFZ","1710207340","HKT","ARN","6B404","6B","0","-64","BLX404","TUI"
"41.96","21.63","3453c2e1","4D245B","75","0","0","","A320","9H-WBQ","1710207337","SKP","","","","1","0","WZZ4342","WZZ"
"48.02","21.73","3453a35e","4BA9CD","149","39000","436","","A333","TC-JNM","1710207341","VKO","IST","TK412","TK","0","-64","THY8HA","THY"
"48.18","21.84","3452b324","A9BD9A","313","34000","498","","B77W","N727AN","1710207341","DEL","JFK","AA293","AA","0","0","AAL293","AAL"
"44.03","21.91","3453b4e7","4BC853","133","37000","441","","A21N","TC-RBS","1710207341","NUE","SAW","PC1028","PC","0","0","PGT12NB","PGT"
"41.99","21.92","3453b2a1","49D3D4","137","37000","453","","B38M","OK-SWA","1710207339","PRG","HRG","QS1240","QS","0","-64","TVS7KQ","TVS"
"39.54","22.19","34526f87","010154","135","37000","493","","B77W","SU-GDR","1710207340","YYZ","CAI","MS996","MS","0","0","MSR996","MSR"
"55.24","22.2","3453b1a9","040062","70","39000","480","","B77L","ET-APU","1710207339","LGG","HKG","ET3718","ET","0","0","ETH3718","ETH"
"48.05","22.31","3453b54d","406D6F","139","38975","460","","B788","G-TUIH","1710207340","CPH","KBV","6B375","6B","0","64","BLX375","TUI"
"52.51","22.46","3453b91f","4BB870","190","34650","432","","A20N","TC-NCP","1710207340","LED","AYT","PC1595","PC","0","960","PGT1595","PGT"
"46.27","22.52","34535d48","0100DB","167","37025","416","","B738","SU-GCM","1710207340","DME","CAI","MS728","MS","0","-128","MSR728","MSR"
"61.05","22.54","3453e51c","46062A","153","625","49","","C152","OH-CIS","1710207340","","","","","0","-64","OHCIS",""
"43.1","22.66","34539582","4BB843","137","37000","457","","A20N","TC-NBC","1710207340","CGN","AYT","PC5014","PC","0","-64","PGT82GK","PGT"
"53.28","22.71","3453b02e","010195","191","36000","437","","A320","SU-TCF","1710207338","SVO","HRG","UJ604","UJ","0","0","LMU604","LMU"
"46.77","22.78","345392e6","4BAA4D","161","33000","377","","A321","TC-JRM","1710207339","LED","IST","TK404","TK","0","0","THY1VG","THY"
"40.52","22.96","345391dc","46F201","180","0","0","","GRND","","1710207342","","","","","1","0","",""
"40.53","22.97","34537f9c","46F200","180","0","0","","GRND","","1710207341","","","","","1","0","",""
"40.52","22.97","34539a16","46F00F","309","0","10","","GRND","","1710207342","","","","","1","0","FLWME5",""
"40.51","22.98","3453e756","46F202","180","0","0","","GRND","","1710207342","","","","","1","0","",""
"40.52","22.98","34539e13","46F00D","101","0","4","","GRND","","1710207342","","","","","1","0","SWEEPER2",""
"43.25","23.32","3453444f","A8BC4F","349","36025","481","","B763","N662GT","1710207342","KWI","HHN","5Y526","5Y","0","0","CMB526","GTI"
"54.19","23.38","3453c42a","4BAA62","249","34000","423","","A321","TC-JSB","1710207340","VKO","IST","TK422","TK","0","-64","THY7ZP","THY"
"42.7","23.41","3453d34b","456003","180","0","0","","GRND","","1710207342","","","","","1","0","",""
"42.69","23.41","3453d34a","456001","180","0","0","","GRND","","1710207342","","","","","1","0","",""
"42.69","23.41","3453a5a1","456002","114","0","0","","GRND","","1710207342","","","","","1","0","",""
"46.79","23.69","3453b0e5","4A7C1F","134","0","0","","GRND","","1710207342","","","","","1","0","",""
"35.58","23.71","34529043","3A2E24","322","34000","469","","B77W","F-OLRE","1710207341","RUN","CDG","UU975","UU","0","0","REU975","REU"
"37.59","23.73","3453b979","89659F","117","37025","512","","A21N","A6-WZD","1710207340","FCO","AUH","5W7050","5W","0","-64","WAZ5GK","WZZ"
"40.8","23.88","3453af30","01012B","331","32025","506","","B77W","SU-GDM","1710207339","CAI","YYZ","MS995","MS","0","-192","MSR995","MSR"
"36.71","23.9","345376e9","010204","125","35000","497","","A20N","SU-GFJ","1710207342","LHR","CAI","MS780","MS","0","0","MSR780","MSR"
"56.93","23.97","3453d715","502FEE","180","0","0","","GRND","","1710207342","","","","","1","0","",""
"56.92","23.97","345392c5","502F12","90","0","0","","GRND","","1710207342","","","","","1","0","GPSDVOR",""
"56.93","23.98","3453c752","502FF0","180","0","0","","GRND","","1710207337","","","","","1","0","",""
"56.92","23.98","3453aa7d","502FED","269","0","0","","GRND","","1710207341","","","","","1","0","",""
"56.92","23.98","34539744","502F0C","227","0","0","","GRND","","1710207342","","","","","1","0","GPSMONT",""
"56.92","23.98","34538c57","502D1B","95","0","0","","GRND","","1710207342","","","","","1","0","",""
"56.92","23.98","3453a5ca","502F2C","264","0","0","","GRND","","1710207342","","","","","1","0","",""
"37.99","23.99","345314cb","040153","217","1350","122","","B38M","ET-AVK","1710207341","ADD","ATH","ET764","ET","0","-768","ETH764","ETH"
"46.4","24.18","34539000","738102","318","38000","478","","B788","4X-ERC","1710207339","TLV","BOS","LY15","LY","0","0","ELY015","ELY"
"34.15","24.19","34526eba","710119","125","35000","491","","B77W","HZ-AK41","1710207341","JFK","JED","SV20","SV","0","0","SVA020","SVA"
"44.55","24.23","3453a408","76CCD1","124","41000","481","","B744","9V-SFQ","1710207339","LGG","SHJ","SQ7135","SQ","0","0","SIA7135","SIA"
"44.75","24.68","3453bf0c","5084D2","153","35000","418","","B753","UR-SLB","1710207341","KTW","HRG","QU9121","QU","0","64","UTN9121","UTN"
"44.85","24.69","3453611f","471FAA","110","19225","386","","A21N","HA-LZU","1710207341","LGW","OTP","W43032","W4","0","-2624","WMT97WH","WZZ"
"38.17","24.69","3453b066","4D2527","152","36975","427","","A21N","9H-WNA","1710207339","BUD","SPX","W62307","W6","0","64","WZZ6JP","WZZ"
"70.72","24.69","3451ef7a","461F50","178","41000","501","","A359","OH-LWI","1710207340","ICN","HEL","AY42","AY","0","0","FIN42","FIN"
"69.72","24.79","3452023c","461F59","178","41000","496","","A359","OH-LWR","1710207335","KIX","HEL","AY68","AY","0","128","FIN68","FIN"
"55.35","24.89","3453c4bc","4BB862","226","35975","425","","A20N","TC-NCB","1710207340","VKO","AYT","PC1577","PC","0","0","PGT1577","PGT"
"60.31","24.98","3453b0b7","467714","337","0","0","","GRND","MR1","1710207342","","","","","1","0","MR1",""
"60.31","24.98","34537ff9","4BB150","331","0","2","","B77L","TC-LJP","1710207325","LHR","HEL","TK6204","TK","1","0","THY6204","THY"
"54.64","25.28","3453de59","503F95","56","0","0","","GRND","","1710207341","","","","","1","0","APG77",""
"54.64","25.28","3453b3a9","503FB0","133","0","0","","GRND","","1710207342","","","","","1","0","APG76",""
"45.7","25.42","3451e381","461F54","310","40000","487","","A359","OH-LWM","1710207341","HKG","HEL","AY100","AY","0","0","FIN100","FIN"
"58.94","25.76","3452ad8b","781CAA","244","38000","459","","A359","B-326Y","1710207332","PEK","MXP","CA949","CA","0","0","CCA949","CCA"
"54.83","25.79","3453bf5e","4BA88F","259","38000","409","","A332","TC-JDO","1710207338","SVO","IST","TK6052","TK","0","0","THY6052","THY"
"38.2","25.8","3453397c","04002F","334","36000","457","","B77L","ET-ANN","1710207342","ADD","ARN","ET714","ET","0","-64","ETH714","ETH"
"38.93","25.81","3453dec8","4BB290","53","33350","524","","A21N","TC-LTP","1710207340","ATH","IST","TK1842","TK","0","832","THY5KJ","THY"
"36.32","25.97","345358e5","710064","322","36000","452","","B77W","HZ-AK24","1710207341","RUH","LHR","SV119","SV","0","0","SVA119","SVA"
"44.5","26.07","3453a06e","4A7C24","90","0","0","","GRND","","1710207341","","","","","1","0","",""
"44.56","26.08","3453c730","4A7C1D","180","0","0","","GRND","","1710207341","","","","","1","0","",""
"44.57","26.08","3453a0e6","4A7C25","180","0","0","","GRND","","1710207341","","","","","1","0","",""
"44.57","26.08","3453c731","4A7C12","180","0","0","","GRND","","1710207342","","","","","1","0","",""
"44.57","26.08","34539225","4A7C11","160","0","0","","GRND","","1710207341","","","","","1","0","",""
"44.57","26.08","3453aa78","4A009E","269","0","0","","GRND","","1710207335","","","","","1","0","PMR650",""
"44.57","26.08","3453cb78","4A005C","124","0","0","","GRND","","1710207260","","","","","1","0","SHOF9",""
"44.57","26.08","345399fa","4A0058","169","0","0","","GRND","","1710207281","","","","","1","0","SCHOF4",""
"44.57","26.08","34538d37","4A0085","165","0","0","","GRND","","1710207333","","","","","1","0","SHOF11",""
"44.57","26.08","3453c732","4A7C13","0","0","0","","GRND","","1710207342","","","","","1","0","",""
"44.57","26.09","3453d15d","4A7C17","180","0","0","","GRND","","1710207342","","","","","1","0","",""
"44.57","26.1","3453921c","4A7C19","90","0","0","","GRND","","1710207342","","","","","1","0","",""
"44.57","26.1","34539221","4A7C16","5","0","0","","GRND","","1710207342","","","","","1","0","",""
"44.58","26.1","3453899c","4A7C14","180","0","0","","GRND","","1710207342","","","","","1","0","",""
"40.88","26.11","34537f5f","4BB47A","265","34225","394","","A332","TC-MCZ","1710207340","IST","ZAZ","MB546","MB","0","1152","MNB546","MNB"
"44.57","26.11","3453c72f","4A7C1A","180","0","0","","GRND","","1710207341","","","","","1","0","",""
"44.57","26.11","3453c72e","4A7C1B","180","0","0","","GRND","","1710207341","","","","","1","0","",""
"44.58","26.11","3453895f","4A7C15","180","0","0","","GRND","","1710207342","","","","","1","0","",""
"44.57","26.12","3453830e","4A7C1C","180","0","0","","GRND","","1710207341","","","","","1","0","",""
"56.59","26.32","34536e6c","4BAA61","42","33000","433","","A321","TC-JSA","1710207332","IST","LED","TK405","TK","0","0","THY7MT","THY"
"45.35","26.4","3452bc27","C038CA","313","38000","467","","B789","C-FVND","1710207339","DEL","YUL","AC51","AC","0","0","ACA51","ACA"
"36.11","26.48","34539557","4D2475","114","37000","491","","B738","9H-KAR","1710207340","BCN","TLV","BZ251","BZ","0","0","BBG251","BBG"
"45.16","26.64","3453892f","461F52","128","37000","475","","A359","OH-LWK","1710207342","HEL","PVG","AY87","AY","0","0","FIN87","FIN"
"56.23","26.65","3453af57","010250","232","34000","428","","A321","SU-TCL","1710207340","SVO","SSH","UJ614","UJ","0","-64","LMU614","LMU"
"43.65","26.76","34538556","8964B7","113","39000","505","","A388","A6-EVI","1710207341","LHR","DXB","EK6","EK","0","64","UAE6","UAE"
"35.35","26.85","3453c6bb","39CF12","323","38000","451","","A359","F-HTYS","1710207341","CAI","CDG","AF567","AF","0","0","AFR567","AFR"
"33.97","26.85","3453496c","040140","319","37975","444","","B789","ET-AUO","1710207341","ADD","FCO","ET712","ET","0","-64","ETH712","ETH"
"36.43","27.07","34536d68","7380C2","132","39000","504","","B789","4X-EDC","1710207342","LHR","TLV","LY318","LY","0","0","ELY318","ELY"
"38.19","27.21","3453dba9","4BAA79","119","5075","248","","A321","TC-JSY","1710207341","ADB","IST","TK2349","TK","0","1216","THY7ND","THY"
"33.62","27.24","345351f5","040032","317","36000","446","","B77L","ET-ANQ","1710207341","ADD","MXP","ET738","ET","0","0","ETH738","ETH"
"43.25","27.29","345390d1","4D246F","89","5775","277","","A320","9H-WDA","1710207341","CGN","VAR","W64518","W6","0","-960","WZZ833","WZZ"
"44.13","27.32","34531bd3","45D96F","135","37000","452","","A339","OY-VKO","1710207342","OSL","HKT","DK2554","DK","0","-64","VKG2554","VKG"
"43.16","27.37","34537d79","780220","99","33000","512","","B77W","B-KPI","1710207342","LHR","HKG","CX254","CX","0","0","CPA254","CPA"
"35.12","27.39","3453497b","04014D","331","40000","453","","A359","ET-AVD","1710207341","ADD","FRA","ET706","ET","0","0","ETH706","ETH"
"41.76","27.58","3453622c","4BB28F","103","18525","388","","A21N","TC-LTO","1710207340","LHR","IST","TK1984","TK","0","-1728","THY7VC","THY"
"36.77","27.58","34536b10","407993","136","33000","498","","B77W","G-STBN","1710207341","LHR","SIN","BA15","BA","0","0","BAW15","BAW"
"59.44","27.99","3452b601","7810B8","250","35975","458","","B789","B-1591","1710207340","PEK","MAD","CA907","CA","0","-128","CCA907","CCA"
"34.05","28.0","345350c1","040170","324","40000","441","","A359","ET-AWM","1710207339","ADD","LGW","ET718","ET","0","0","ETH718","ETH"
"42.52","28.02","34537bc7","8015CD","128","38975","484","","B789","VT-TSO","1710207340","LHR","BOM","UK16","UK","0","64","VTI016","VTI"
"41.59","28.03","34522711","4BB188","95","10200","341","","B789","TC-LLH","1710207341","CUN","IST","TK189","TK","0","-2240","THY189","THY"
"44.02","28.31","34538629","461F49","130","39000","497","","A359","OH-LWB","1710207338","HEL","HKG","AY99","AY","0","-64","FIN99","FIN"
"41.76","28.51","3453dfe0","3C56AA","301","16975","374","","A321","D-AEUJ","1710207340","IST","FRA","LH8347","LH","0","2176","GEC8347","GEC"
"41.29","28.71","3453d8e4","4BF183","2","0","25","","GRND","","1710207313","","","","","1","0","FLWME08",""
"41.28","28.71","3453d33c","4BF1AD","180","0","3","","GRND","","1710207275","","","","","1","0","DESTEK5",""
"41.28","28.71","3453bb71","4BF1A2","225","0","0","","GRND","","1710207342","","","","","1","0","FLWME34",""
"41.29","28.72","3453bf87","4BF22D","90","0","0","","GRND","","1710207342","","","","","1","0","",""
"41.28","28.72","3453bf7c","4BF22F","159","0","0","","GRND","","1710207342","","","","","1","0","",""
"41.28","28.72","3453e1fb","4BF22E","28","0","0","","GRND","","1710207342","","","","","1","0","",""
"41.26","28.72","3453cd1d","4BF23C","261","0","1","","GRND","","1710207339","","","","","1","0","ELK5",""
"41.26","28.72","3453d25e","4BF177","196","0","0","","GRND","","1710207339","","","","","1","0","FLWME06",""
"41.28","28.72","3453b08e","4BF180","90","0","29","","GRND","","1710207311","","","","","1","0","FLWME04",""
"41.27","28.72","3453e602","4B8467","2","0","1","","B744","TC-ACG","1710207342","IST","FRA","TK6403","TK","1","0","THY6403","RUN"
"41.28","28.73","34521526","4BB0EA","174","0","31","","A359","TC-LGJ","1710207339","SGN","IST","TK163","TK","1","0","THY163","THY"
"41.27","28.73","3451f47a","4BB14D","241","0","0","","B77L","TC-LJM","1710207342","IAH","IST","TK6362","TK","1","0","THY6362","THY"
"41.3","28.73","3453e06b","4BF22C","90","0","0","","GRND","","1710207342","","","","","1","0","",""
"41.27","28.73","34539e20","4BF1DE","351","0","0","","GRND","","1710207337","","","","","1","0","FLWME35",""
"41.25","28.73","3453d9e0","4BF20C","233","0","1","","GRND","","1710207342","","","","","1","0","FLWME03",""
"41.26","28.73","3453e6b3","0A007A","337","0","0","","B738","7T-VKJ","1710207338","IST","CZL","AH3023","AH","1","0","DAH3023","DAH"
"41.27","28.73","3453e1e8","4BF220","180","0","0","","GRND","","1710207342","","","","","1","0","",""
"41.27","28.74","345396d2","4BF1A8","115","0","8","","GRND","","1710207268","","","","","1","0","DESTEK7",""
"41.26","28.74","3453ab48","4BF213","264","0","4","","GRND","","1710207342","","","","","1","0","FLWME05",""
"41.26","28.74","3453a9e0","4BF176","177","0","4","","GRND","","1710207342","","","","","1","0","SPRG76",""
"41.27","28.74","34539fac","4BF1FE","109","0","2","","GRND","","1710207342","","","","","1","0","ATES31",""
"41.27","28.74","3453a848","4BA94A","37","0","0","","B77W","TC-JJJ","1710207341","IST","","","","1","0","","THY"
"41.27","28.74","34538469","4BF252","180","0","0","","GRND","","1710207338","","","","","1","0","SPRG78",""
"41.27","28.74","3453dff4","4BF1D0","126","0","0","","GRND","","1710207342","","","","","1","0","FLWME17",""
"41.26","28.75","3453bf88","4BF224","180","0","0","","GRND","","1710207342","","","","","1","0","",""
"41.25","28.75","3453be25","4BF227","180","0","0","","GRND","","1710207342","","","","","1","0","",""
"41.25","28.75","3453d998","4BF1CA","154","0","0","","GRND","","1710207339","","","","","1","0","FLWME10",""
"41.27","28.75","34538fb6","4BF225","180","0","0","","GRND","","1710207342","","","","","1","0","DHK",""
"41.27","28.75","3453e2ff","4BF257","205","0","12","","GRND","","1710207341","","","","","1","0","FLWME7",""
"41.27","28.75","34532e18","151DA3","233","0","3","","B738","RA-73123","1710207341","SVO","IST","SU2134","SU","1","0","AFL2134","AFL"
"41.26","28.75","3453a3ec","4BF230","180","0","0","","GRND","","1710207342","","","","","1","0","DHGA",""
"41.29","28.76","34539286","4BF235","90","0","0","","GRND","","1710207342","","","","","1","0","",""
"41.26","28.76","3453e887","4BF236","180","0","0","","GRND","","1710207342","","","","","1","0","",""
"46.93","28.95","34539abd","504DBA","275","0","0","","GRND","","1710207338","","","","","1","0","ADR5",""
"41.05","29.28","34531b47","04016B","331","15000","374","","B38M","ET-AWH","1710207342","ADD","IST","ET720","ET","0","-64","ETH720","ETH"
"43.29","29.28","345392d5","4D0118","119","35000","510","","B748","LX-VCN","1710207336","LUX","ASB","","","0","0","CLX9ME","CLX"
"40.9","29.31","3453eaf6","4BF139","354","0","1","","","","1710207342","SAW","","","","1","0","SCH03",""
"40.9","29.31","34538dc9","0BF144","165","0","19","","GRND","","1710207342","","","","","1","0","FLWME07",""
"40.9","29.31","3453d48d","4BF142","106","0","22","","GRND","FLWME1","1710207336","","","","","1","0","FLWME01",""
"40.91","29.32","3453e8d4","4BC895","90","0","0","","A21N","TC-RDU","1710207341","SAW","","","","1","0","PGT2NH","PGT"
"42.85","29.42","34532ff5","461F07","304","36000","410","","A333","OH-LTN","1710207338","DXB","HEL","AY1964","AY","0","0","FIN1964","FIN"
"34.99","29.45","3453c319","018087","252","36000","396","","A319","5A-WLB","1710207342","IST","MJI","YL101","YL","0","64","LWA101","LWA"
"41.1","29.58","34520cf0","4BB0E9","334","19000","368","","A359","TC-LGI","1710207341","CPT","IST","TK45","TK","0","-1024","THY45T","THY"
"62.22","29.79","3453472f","781C0D","57","35000","483","","A359","B-324X","1710207340","MAD","PVG","MU710","MU","0","64","CES710","CES"
"40.99","29.89","34525ab7","8015A6","88","35000","542","","B77W","VT-AEQ","1710207342","EWR","DEL","AI106","AI","0","0","AIC106","AIC"
"38.61","30.03","3453d748","0101B8","159","39000","450","","B738","SU-GEH","1710207339","IST","CAI","MS746","MS","0","64","MSR746","MSR"
"41.01","30.15","3453795b","4BAA67","289","19850","384","","A321","TC-JSG","1710207340","IKA","IST","TK875","TK","0","-960","THY3RP","THY"
"59.8","30.25","3453b108","1130D7","104","0","0","","GRND","RA-78039","1710207341","","","","","1","0","RA78039",""
"59.8","30.26","3453afc1","1130ED","104","0","0","","GRND","RA-78061","1710207337","","","","","1","0","RA78061",""
"59.8","30.26","3453e7a9","15201A","196","0","6","","A320","RA-73754","1710207342","LED","SVO","SU53","SU","1","0","AFL053","AFL"
"59.8","30.27","345387dc","1130B8","180","0","0","","GRND","","1710207342","","","","","1","0","PARROT01",""
"59.78","30.28","34539b34","1130C6","90","0","0","","GRND","","1710207342","","","","","1","0","PARROT03",""
"59.8","30.3","34539f61","1130B9","180","0","0","","GRND","","1710207342","","","","","1","0","PARROT02",""
"38.39","30.4","3453b07e","4BB845","336","34025","416","","A20N","TC-NBE","1710207340","HRG","SAW","PC621","PC","0","0","PGT621","PGT"
"41.97","30.46","34539f8e","5140B0","96","33575","504","","B738","4L-TIG","1710207340","IST","GYD","7L1402","7L","0","1280","AZG1402","IGT"
"42.55","30.63","34522184","461F4E","284","40000","411","","A359","OH-LWG","1710207336","SIN","HEL","AY132","AY","0","0","FIN132","FIN"
"38.11","30.64","34538863","4BB1C3","354","40000","446","","A333","TC-LNC","1710207342","MED","IST","TK137","TK","0","0","THY137","THY"
"42.09","30.66","34539785","896517","104","39000","502","","B38M","A6-FMH","1710207338","BGY","DXB","FZ1572","FZ","0","0","FDB4XY","FDB"
"36.91","30.8","3453e18b","4BB281","185","0","14","","A21N","TC-LTA","1710207340","AYT","IST","TK2429","TK","1","0","THY7KF","THY"
"36.89","30.8","3453856f","4BF0C4","292","0","0","","GRND","","1710207342","","","","","1","0","",""
"36.37","30.81","34527677","4BA9CB","358","40000","464","","A333","TC-JNK","1710207342","MRU","IST","TK177","TK","0","0","THY31L","THY"
"36.34","30.81","34538ca7","4BA912","358","38000","452","","B738","TC-JHR","1710207340","MED","SAW","TK3306","TK","0","0","THY3306","THY"
"36.28","30.82","34538f19","4BC848","358","32000","470","","A21N","TC-RBH","1710207341","JED","SAW","PC695","PC","0","0","PGT695","PGT"
"35.48","30.85","3453d08a","4BB02A","358","38000","442","","B38M","TC-LAJ","1710207340","SPX","SAW","TK5573","TK","0","0","THY5573","TKJ"
"35.25","30.86","345386a8","4BA910","358","36000","455","","B738","TC-JHP","1710207340","MED","IST","TK3301","TK","0","0","THY3301","THY"
"36.42","30.9","34534f2c","151D73","90","35000","469","","B752","RA-73075","1710207339","VKO","HRG","ZF907","ZF","0","0","AZV907","AZV"
"34.6","30.9","3453c6a4","4BB869","357","34000","448","","A20N","TC-NCI","1710207340","SSH","AYT","PC5089","PC","0","0","PGT5089","PGT"
"42.03","30.99","3453d19a","4B9852","317","37925","400","","A320","TC-FBR","1710207340","ASR","TLL","FH993","FH","0","64","FHY993","FHY"
"35.81","31.06","34538316","49D283","141","35000","466","","B738","OK-TVY","1710207339","PRG","TLV","QS1286","QS","0","0","TVS86L",""
"40.75","31.13","3453e1c5","4BAA0A","287","24000","401","","A320","TC-JPJ","1710207341","ESB","IST","TK2187","TK","0","0","THY5MB","THY"
"60.01","31.26","3452be44","780C58","251","36000","456","","B789","B-6969","1710207340","PEK","BRU","HU491","HU","0","0","CHH491","CHH"
"34.68","31.3","34537392","06A11E","326","34000","506","","A35K","A7-ANB","1710207343","DOH","MIA","QR781","QR","0","0","QTR781","QTR"
"40.65","31.58","3453a57d","4BA914","287","36000","376","","B738","TC-JHT","1710207342","EBL","IST","TK317","TK","0","0","THY5CR","THY"
"55.22","31.64","3453d94a","4BAA53","259","31975","420","","A321","TC-JRS","1710207339","VKO","AYT","TK212","TK","0","0","THY5KC","THY"
"55.08","31.86","345383e7","4BA9C3","69","39000","475","","A332","TC-JNC","1710207343","IST","VKO","TK419","TK","0","0","THY7AZ","THY"
"40.31","32.21","34537b52","39D2A4","103","39000","544","","A359","F-HUVE","1710207341","CDG","HKG","AF188","AF","0","0","AFR188","AFR"
"42.57","32.22","345373e8","600B23","99","36975","552","","B744","4K-BCI","1710207330","AMS","GYD","7L202","7L","0","64","AZG202","AZG"
"42.23","32.3","3452e9a7","C0174D","285","32000","414","","B77L","C-FIVK","1710207343","DEL","YYZ","AC43","AC","0","0","ACA43","ACA"
"40.64","32.34","34535214","C0173A","304","32000","429","","B77W","C-FIUR","1710207340","DXB","YYZ","AC57","AC","0","0","ACA57","ACA"
"41.51","32.64","345340f9","89649E","111","41000","529","","A388","A6-APJ","1710207341","LHR","AUH","EY18","EY","0","0","ETD69K","ETD"
"41.79","32.79","345183d8","7C8066","287","39975","402","","B789","VH-ZNC","1710207340","PER","LHR","QF9","QF","0","-64","QFA9","QFA"
"41.3","33.36","3453798c","394A0E","118","39000","528","","B77W","F-GSQO","1710207332","CDG","DXB","AF658","AF","0","128","AFR658","AFR"
"35.15","33.5","3453eac8","4BB26F","109","0","0","","A21N","TC-LSO","1710207338","ECN","IST","TK965","TK","1","0","THY5WH","THY"
"39.55","33.64","3453e130","4BB86B","308","34825","387","","A20N","TC-NCK","1710207341","ASR","DUS","PC1619","PC","0","1024","PGT31AZ","PGT"
"41.96","33.69","345214ec","39D2A0","289","40000","149","","A359","F-HUVA","1710207335","HKG","CDG","AF185","AF","0","0","AFR185","AFR"
"41.16","33.72","345383bb","4ACA64","117","39000","544","","A359","SE-RSD","1710207339","CPH","BKK","SK973","SK","0","0","SAS973","SAS"
"41.56","33.72","34536c98","4BAB22","288","32000","362","","B739","TC-JYB","1710207341","MHD","IST","TK889","TK","0","0","THY1RD","THY"
"41.95","33.81","3451d26f","4BB185","274","37975","380","","B789","TC-LLE","1710207339","KIX","IST","TK87","TK","0","-64","THY87","THY"
"37.55","34.09","3453465b","51009A","222","36000","396","","B738","EW-455PA","1710207339","MSQ","SSH","B29307","B2","0","0","BRU9307","BRU"
"37.77","34.35","34534038","151DE6","223","34000","388","","B738","RA-73190","1710207343","GOJ","HRG","FV5979","FV","0","0","SDM5979","SDM"
"40.37","34.41","3453d167","4D22FD","256","36000","373","","A320","9H-SLE","1710207340","TZX","SAW","TK7415","TK","0","0","THY5FX","ART"
"36.96","34.58","3453dee0","4BAA70","263","22450","380","","A321","TC-JSP","1710207336","ADA","IST","TK2475","TK","0","896","THY7EL","THY"
"41.74","34.62","34526d80","39C426","267","39975","233","","B789","F-HRBG","1710207343","PEK","CDG","AF381","AF","0","64","AFR381","AFR"
"41.35","34.68","34535178","3C656C","291","38000","368","","A333","D-AIKL","1710207343","DXB","FRA","LH631","LH","0","0","DLH631","DLH"
"42.15","34.76","3451fdc6","3965B4","289","34000","388","","B77W","F-GZNU","1710207339","PVG","CDG","AF111","AF","0","0","AFR111","AFR"
"55.61","34.76","34537407","510080","258","36000","428","","E195","EW-400PO","1710207340","NQZ","MSQ","B2776","B2","0","-64","BRU776","BRU"
"40.67","35.08","34537a32","","106","41000","534","","GLF5","","1710207341","","","","","0","0","GLF5",""
"40.39","35.31","3452491f","4BA9CE","279","40000","390","","A333","TC-JNN","1710207340","HKT","IST","TK173","TK","0","0","THY173","THY"
"38.76","35.34","3453e77f","4BA9AC","307","8600","236","","A321","TC-JML","1710207340","ASR","IST","TK2023","TK","0","2560","THY7JP","THY"
"41.99","35.43","34536ead","ABD336","72","33000","561","","B748","N861GT","1710207343","ZAZ","ALA","5Y561","5Y","0","0","GTI561","GTI"
"39.98","35.43","34520f2b","4BB0E8","279","38000","411","","A359","TC-LGH","1710207340","CGK","IST","TK57","TK","0","0","THY057","THY"
"33.82","35.49","3453cbe3","010207","90","16225","1","","A20N","SU-GFM","1710207340","CAI","BEY","MS713","MS","0","-1600","MSR713","MSR"
"38.74","35.51","345359cf","151E07","224","35975","404","","B738","RA-73223","1710207343","KZN","HRG","FV5793","FV","0","0","SDM5793","SDM"
"38.77","35.51","3453ea14","4BCDF6","75","0","0","","B738","TC-SOV","1710207336","ASR","DUS","XQ798","XQ","1","0","SXS8BU","SXS"
"39.26","35.65","3453c3f6","4BAA6F","110","33000","521","","A321","TC-JSO","1710207340","IST","BSR","TK798","TK","0","0","THY2TG","THY"
"39.29","35.7","345373b9","8940CA","293","32000","382","","A21N","A9C-NH","1710207324","BAH","CDG","GF19","GF","0","0","GFA019","GFA"
"41.79","35.98","345364e3","76CEEC","102","33000","548","","B77W","9V-SWL","1710207339","LHR","SIN","SQ321","SQ","0","0","SIA321","SIA"
"59.75","35.99","3452a77e","780DFD","261","38000","458","","A333","B-6101","1710207335","TFU","FRA","CA431","CA","0","0","CCA431","CCA"
"39.11","36.32","345373d3","4BB267","290","34025","376","","A21N","TC-LSG","1710207343","BAH","IST","TK779","TK","0","0","THY8EM","THY"
"39.83","36.46","3453b1a8","4BB0E7","96","37000","541","","A359","TC-LGG","1710207341","IST","SGN","TK162","TK","0","0","THY162","THY"
"40.23","36.49","3451e516","4BA9E9","280","40000","376","","A333","TC-JOI","1710207335","BKK","IST","TK65","TK","0","0","THY65","THY"
"40.83","36.58","3453cfd3","4B8E46","259","36000","352","","B738","TC-CRF","1710207343","KUT","SAW","PC321","PC","0","0","PGT321","PGT"
"41.33","36.6","3453e85f","4BA995","245","18000","266","","A319","TC-JLU","1710207340","SZF","IST","TK2819","TK","0","1344","THY6RV","THY"
"40.32","36.61","3453b4b6","4BAA55","107","35000","526","","A321","TC-JRU","1710207340","IST","IKA","TK870","TK","0","0","THY7GA","THY"
"41.3","36.83","34539b40","4BA9CC","269","38000","368","","A333","TC-JNL","1710207339","ASB","IST","TK323","TK","0","0","THY323","THY"
"40.96","37.02","345364c8","484415","309","38000","424","","B772","PH-BQL","1710207343","DXB","AMS","KL428","KL","0","0","KLM428","KLM"
"41.2","37.05","3453a36b","601828","274","34000","378","","B77W","EZ-A781","1710207343","ASB","IST","T5911","T5","0","0","TUA911","TUA"
"61.08","37.11","34527cff","780F3B","255","34000","456","","B77W","B-7368","1710207335","PVG","CDG","MU553","MU","0","0","CES553","CES"
"42.05","37.26","3451e8c9","3C6709","277","40000","386","","A359","D-AIXI","1710207339","KIX","MUC","LH743","LH","0","0","DLH743","DLH"
"40.77","37.35","34522cab","406F73","306","39975","398","","B789","G-ZBKG","1710207335","SIN","LHR","BA12","BA","0","0","BAW12","BAW"
"41.7","37.36","3452306d","4BB141","270","34000","382","","B77W","TC-LJA","1710207343","CAN","IST","TK73","TK","0","0","THY73","THY"
"39.03","37.37","3453c102","4BC850","290","32000","370","","A21N","TC-RBP","1710207343","EBL","SAW","PC817","PC","0","0","PGT817","PGT"
"41.72","37.41","3452625c","888139","273","40000","386","","A359","VN-A894","1710207343","HAN","CDG","VN19","VN","0","0","HVN19","HVN"
"41.03","37.44","3453a781","732541","291","38000","366","","A332","EP-IJA","1710207343","IKA","CDG","IR733","IR","0","0","IRA733","IRA"
"41.05","37.52","34537a35","06A0FF","314","40000","429","","A359","A7-ALK","1710207343","DOH","EDI","QR31","QR","0","0","QTR42H","QTR"
"39.57","37.63","3453abed","4BAA4F","287","36000","358","","A321","TC-JRO","1710207335","BGW","IST","TK303","TK","0","0","THY7YB","THY"
"39.98","37.63","34524562","4BB186","279","37975","395","","B789","TC-LLF","1710207341","SIN","IST","TK55","TK","0","-64","THY55","THY"
"41.7","37.67","345221d0","4BB149","270","36000","368","","B77W","TC-LJI","1710207335","ICN","IST","TK91","TK","0","0","THY91","THY"
"57.4","37.75","3453b5dc","15201C","184","21950","427","","A320","RA-73756","1710207340","MMK","SVO","SU1327","SU","0","0","AFL1327","AFL"
"55.41","37.9","3453dc74","10C351","180","0","0","","GRND","","1710207341","","","","","1","0","",""
"37.94","37.97","34537721","4BAA76","276","34025","354","","A321","TC-JSV","1710207339","DMM","IST","TK151","TK","0","0","THY151","THY"
"41.7","38.06","34523053","780201","273","34000","380","","B77W","B-KPA","1710207343","HKG","LHR","CX251","CX","0","0","CPA251","CPA"
"40.14","38.07","34537710","400775","292","38000","385","","B772","G-VIIX","1710207341","DOH","LGW","BA2032","BA","0","0","BAW2032","BAW"
"39.76","38.15","3453a28c","4BB299","272","31950","364","","A21N","TC-LTY","1710207326","IKA","SAW","TK7689","TK","0","0","THY1YR","TKJ"
"39.9","38.21","345241c0","394A14","302","36000","408","","B77W","F-GSQU","1710207339","SIN","CDG","AF257","AF","0","0","AFR257","AFR"
"40.63","38.25","34535261","88516C","95","35000","548","","B77W","HS-TKL","1710207335","LHR","BKK","TG917","TG","0","0","THA917","THA"
"39.75","38.42","3451f05c","4BA9C4","272","40000","378","","A332","TC-JND","1710207341","BKK","IST","TK69","TK","0","0","THY69","THY"
"40.7","38.51","34524d25","76CD74","289","40000","385","","A388","9V-SKT","1710207341","SIN","LHR","SQ322","SQ","0","0","SIA322","SIA"
"39.78","38.6","345355e2","89408D","111","41000","556","","B789","A9C-FC","1710207341","LHR","BAH","GF6","GF","0","-64","GFA006","GFA"
"59.61","38.62","34536c08","780630","90","33000","476","","B77L","B-2079","1710207339","CDG","SZX","I98818","I9","0","0","HLF8818","HLF"
"40.87","38.66","34526780","781364","286","38000","358","","A333","B-1065","1710207340","PKX","IST","CZ679","CZ","0","0","CSN679","CSN"
"61.27","38.72","345277b9","781A53","259","38000","470","","A359","B-320S","1710207340","CAN","FRA","CZ331","CZ","0","0","CSN331","CSN"
"39.78","38.78","34537c62","06A2B3","310","34000","410","","B77W","A7-BEO","1710207343","DOH","MAN","QR21","QR","0","0","QTR75H","QTR"
"39.7","38.84","345250e1","80153C","109","37000","540","","B77L","VT-AEF","1710207341","JFK","BOM","AI116","AI","0","0","AIC116","AIC"
"40.33","38.84","34537607","06A0AC","309","37975","422","","B788","A7-BCH","1710207339","DOH","DUB","QR19","QR","0","0","QTR90X","QTR"
"41.67","38.91","3451f1a1","4BB0EE","273","40000","378","","A359","TC-LGN","1710207333","MNL","IST","TK85","TK","0","64","THY85","THY"
"40.63","38.94","345250f0","76CDAB","290","40000","382","","A359","9V-SMK","1710207340","SIN","MXP","SQ356","SQ","0","0","SIA356","SIA"
"40.45","38.97","34528286","01025D","248","37975","401","","B789","SU-GFY","1710207341","PEK","CAI","MS956","MS","0","0","MSR956","MSR"
"55.92","39.01","34537312","152025","277","17600","332","","A320","RA-73765","1710207338","AER","SVO","SU1133","SU","0","-1728","AFL1133","AFL"
"38.78","39.14","345344dd","06A072","120","35000","548","","B77W","A7-BAH","1710207339","MAN","DOH","QR24","QR","0","0","QTR95B","QTR"
"39.9","39.15","3453555d","8013C3","97","37000","566","","B789","VT-TSE","1710207341","LHR","DEL","UK18","UK","0","-64","VTI018","VTI"
"41.33","39.16","3453cde7","4BC846","266","32025","388","","A21N","TC-RBF","1710207336","TBS","SAW","PC315","PC","0","0","PGT315","PGT"
"40.55","39.21","3452504c","3C6707","291","40000","380","","A359","D-AIXG","1710207339","SIN","MUC","LH791","LH","0","0","DLH791","DLH"
"38.74","39.22","34534e05","06A0E8","120","41000","545","","A359","A7-AMI","1710207343","LHR","DOH","QR16","QR","0","0","QTR57N","QTR"
"40.5","39.4","34520c74","440002","290","36000","381","","B772","OE-LPA","1710207342","BKK","VIE","OS26","OS","0","0","AUA26","AUA"
"61.33","39.43","34527d00","781101","259","34000","458","","B77W","B-7881","1710207342","PVG","FRA","MU219","MU","0","0","CES219","CES"
"41.12","39.43","34535ca9","461F4C","114","37000","578","","A359","OH-LWE","1710207340","HEL","SIN","AY131","AY","0","0","FIN131","FIN"
"39.95","39.45","3453b39e","4BC84F","268","34000","361","","A21N","TC-RBO","1710207341","GYD","SAW","PC855","PC","0","0","PGT855","PGT"
"40.47","39.45","3453160a","3C66C4","291","38000","385","","A359","D-AIVD","1710207335","BOM","MUC","LH767","LH","0","0","DLH767","DLH"
"41.84","39.54","34522c1e","A2CB33","91","38975","560","","B789","N27965","1710207334","EWR","DEL","UA816","UA","0","-64","UAL816","UAL"
"39.49","39.56","345353c9","40797A","108","36975","569","","B78X","G-ZBLD","1710207341","LHR","DXB","BA109","BA","0","-64","BAW109","BAW"
"40.38","39.78","345252f6","3C4B27","291","36000","383","","B748","D-ABYG","1710207339","SIN","FRA","LH779","LH","0","0","DLH779","DLH"
"38.53","39.91","34534d64","770591","118","37000","527","","A333","4R-ALQ","1710207339","LHR","CMB","UL504","UL","0","0","ALK504","ALK"
"43.44","39.93","3453ca8d","105A09","329","0","0","","GRND","","1710207339","","","","","1","0","RA23049",""
"43.44","39.93","3453abee","1059FA","241","0","0","","GRND","","1710207341","","","","","1","0","RA23034",""
"43.44","39.93","345397df","1059F8","269","0","0","","GRND","","1710207324","","","","","1","0","RA23032",""
"43.44","39.93","34539546","1059DB","180","0","0","","GRND","","1710207340","","","","","1","0","",""
"43.45","39.94","3453c020","1059DC","323","0","0","","GRND","","1710207338","","","","","1","0","",""
"41.63","39.95","345226b6","4BA954","273","34000","390","","B77W","TC-JJT","1710207337","PVG","IST","TK27","TK","0","0","THY27","THY"
"43.45","39.95","3453a76e","1059D9","180","0","0","","GRND","","1710207340","","","","","1","0","",""
"40.32","40.0","345312f1","4B187B","291","38000","366","","A333","HB-JHB","1710207335","BOM","ZRH","LX155","LX","0","0","SWR155","SWR"
"55.55","40.02","345359d6","151DA1","319","28600","338","","B738","RA-73121","1710207338","IST","SVO","SU2139","SU","0","-1792","AFL2139","AFL"
"57.87","40.02","3453d272","151E8B","38","33000","404","","B752","RA-73355","1710207340","SVO","NSK","4B9611","4B","0","0","TUP9611","TUP"
"40.26","40.18","34525e2c","888124","291","40000","388","","A359","VN-A891","1710207343","SGN","CDG","VN11","VN","0","0","HVN11","HVN"
"40.26","40.22","3452674f","4B191D","291","32000","402","","B77W","HB-JNH","1710207339","SIN","ZRH","LX177","LX","0","0","SWR177","SWR"
"41.61","40.26","3452216a","4B18FC","275","38000","360","","A343","HB-JMA","1710207336","HKG","ZRH","LX139","LX","0","-128","SWR139","SWR"
"38.66","40.29","34537251","3C70CA","308","32000","414","","B77L","D-ALFJ","1710207343","DWC","FRA","LH8473","LH","0","0","GEC8473","GEC"
"39.6","40.3","3453ab67","4BAA81","281","32000","374","","A321","TC-JTA","1710207339","IKA","IST","TK899","TK","0","64","THY899","THY"
"38.75","40.39","34536d70","4B1882","302","38000","370","","A333","HB-JHI","1710207343","DXB","ZRH","LX243","LX","0","0","SWR243","SWR"
"39.26","40.43","3453533d","899035","108","33000","562","","B77W","B-16730","1710207323","LHR","BKK","BR68","BR","0","0","EVA068","EVA"
"39.26","40.62","34536e8b","4B1904","95","34975","548","","A343","HB-JMI","1710207335","ZRH","HKG","LX138","LX","0","0","SWR138","SWR"
"38.71","40.7","34524dde","7C4926","310","36000","391","","A388","VH-OQG","1710207340","SIN","LHR","QF1","QF","0","0","QFA1","QFA"
"40.1","40.73","34520565","885179","291","34000","382","","B77W","HS-TKY","1710207342","BKK","FRA","TG920","TG","0","0","THA920","THA"
"39.53","40.78","345288bc","885102","281","40000","384","","A359","HS-THB","1710207324","BKK","IST","TG900","TG","0","64","THA900","THA"
"38.64","40.82","34538a13","06A149","309","38000","397","","A388","A7-APH","1710207339","DOH","LHR","QR11","QR","0","0","QTR25L","QTR"
"40.06","40.87","345379bf","8964A2","291","30000","407","","B77W","A6-EQJ","1710207341","DXB","IAD","EK231","EK","0","0","UAE3MX","UAE"
"54.07","40.95","34538e39","15201E","334","34000","386","","A320","RA-73758","1710207324","GYD","SVO","SU1851","SU","0","-64","AFL1851","AFL"
"39.03","41.08","3453753c","89653E","311","34000","406","","B78X","A6-BMG","1710207339","AUH","DUB","EY45","EY","0","0","ETD72E","ETD"
"41.48","41.16","34537b87","151DA0","251","34025","390","","B738","RA-73120","1710207323","SVO","HRG","SU424","SU","0","0","AFL424","AFL"
"64.12","41.29","34527026","781133","267","38000","450","","A332","B-8981","1710207341","HGH","LIS","JD621","JD","0","0","CBJ621","CBJ"
"41.79","41.29","345380c9","48AE80","92","35000","512","","B738","SP-LWA","1710207339","WAW","GYD","LO721","LO","0","0","LOT7AZ","LOT"
"39.42","41.39","3453d667","4BB848","282","36000","353","","A20N","TC-NBH","1710207340","TBZ","SAW","PC509","PC","0","0","PGT509","PGT"
"41.54","41.4","345289ff","4BB147","263","36000","390","","B77W","TC-LJG","1710207343","PEK","IST","TK89","TK","0","0","THY89","THY"
"39.01","41.4","3452332e","89649F","109","35000","575","","B77W","A6-EQG","1710207341","IAD","DXB","EK232","EK","0","0","UAE232","UAE"
"38.2","41.45","3453778a","406B22","311","38000","399","","A388","G-XLEI","1710207339","DXB","LHR","BA106","BA","0","0","BAW106","BAW"
"38.75","41.48","34538523","06A2EB","329","33975","412","","B789","A7-BHH","1710207339","DOH","OSL","QR179","QR","0","0","QTR24C","QTR"
"41.83","41.5","3453cc1e","4BB264","266","34000","366","","A21N","TC-LSD","1710207335","TBS","IST","TK387","TK","0","0","THY8XP","THY"
"39.86","41.51","3452597a","76CDAA","294","40000","390","","A359","9V-SMJ","1710207335","SIN","AMS","SQ324","SQ","0","0","SIA324","SIA"
"38.43","41.52","34538ac6","06A0B8","310","36000","416","","B788","A7-BCT","1710207335","DOH","BHX","QR35","QR","0","0","QTR73W","QTR"
"41.56","41.52","34522682","4074E4","263","39975","410","","B788","G-ZBJM","1710207339","HKG","LHR","BA32","BA","0","-64","BAW32","BAW"
"39.83","41.58","34525c8d","76CDC2","293","36000","364","","B77W","9V-SNB","1710207339","SIN","FRA","SQ26","SQ","0","0","SIA26","SIA"
"38.64","41.59","34537f1d","896354","311","34000","406","","B77W","A6-ETQ","1710207339","AUH","MAN","EY15","EY","0","0","ETD49D","ETD"
"39.6","41.67","345389d3","06A0A9","332","38000","422","","B788","A7-BCE","1710207335","DOH","ARN","QR169","QR","0","0","QTR33P","QTR"
"40.43","41.71","345349f4","75044C","107","39000","566","","A359","9M-MAE","1710207343","LHR","KUL","MH1","MH","0","0","MAS1","MAS"
"41.57","41.8","3453acce","4BB270","266","34000","369","","A21N","TC-LSP","1710207339","GYD","IST","TK337","TK","0","0","THY8NZ","THY"
"37.57","41.91","3453782a","8940A1","295","38000","392","","B789","A9C-FJ","1710207335","BAH","LHR","GF7","GF","0","0","GFA007","GFA"
"41.57","41.91","345200e4","4BA947","266","36000","388","","B77W","TC-JJG","1710207341","TPE","IST","TK25","TK","0","0","THY25","THY"
"59.13","41.95","3453cabb","155C01","36","35000","402","","SU95","RA-89089","1710207343","DME","NYM","YC173","YC","0","0","LLM173","LLM"
"41.31","42.05","34522c2a","","260","47000","443","","GLF6","","1710207335","","","","","0","-64","GLF6",""
"38.23","42.09","34538197","896464","308","37975","410","","B789","A6-BLF","1710207343","AUH","BRU","EY57","EY","0","0","ETD46X","ETD"
"39.64","42.15","34531e35","4B187C","293","38000","368","","A333","HB-JHC","1710207342","DEL","ZRH","LX147","LX","0","0","SWR147","SWR"
"59.72","42.2","3453bb7e","151DFF","275","35975","425","","A319","RA-73215","1710207341","PEE","LED","SU6582","SU","0","-64","SDM6582","SDM"
"37.9","42.28","3453965f","4B8E45","336","36000","362","","B738","TC-CRE","1710207335","BAH","SAW","PC825","PC","0","0","PGT825","PGT"
"37.92","42.36","345386c3","06A0B1","341","40000","388","","B788","A7-BCM","1710207335","DOH","LGW","QR329","QR","0","-64","QTR329","QTR"
"37.81","42.41","3453926f","06A2E5","341","38000","396","","B789","A7-BHB","1710207339","DOH","BCN","QR137","QR","0","0","QTR60C","QTR"
"41.7","42.45","34522d08","4BB143","274","36000","388","","B77W","TC-LJC","1710207342","HKG","IST","TK71","TK","0","0","THY71","THY"
"41.64","42.48","3451f4a1","48AE25","263","39975","412","","B789","SP-LSF","1710207341","NRT","WAW","LO80","LO","0","64","LOT80","LOT"
"37.43","42.5","34538f66","4BB284","326","33950","358","","A21N","TC-LTD","1710207343","DOH","IST","TK781","TK","0","0","THY8KY","THY"
"38.7","42.51","34538b9e","49D414","109","37000","531","","B38M","OK-SWH","1710207340","BUD","SLL","7O5616","7O","0","0","TVL5616","TVS"
"38.67","42.62","34533721","89621A","109","35000","574","","B77W","A6-EGY","1710207340","DUB","DXB","EK164","EK","0","0","UAE78P","UAE"
"39.44","42.72","34537d77","896177","294","30000","406","","B77L","A6-EWE","1710207342","DXB","YUL","EK243","EK","0","0","UAE243","UAE"
"37.07","42.75","34536f74","4BC886","336","32025","384","","A21N","TC-RDF","1710207340","DOH","SAW","PC601","PC","0","0","PGT601","PGT"
"37.83","42.76","3451c0f8","06A2B4","125","39000","548","","B77W","A7-BEP","1710207335","JFK","DOH","QR704","QR","0","0","QTR8N","QTR"
"38.01","42.85","345381f6","89662B","336","34000","402","","B77W","A6-ETA","1710207283","AUH","FCO","EY85","EY","0","0","ETD85","ETD"
"36.76","42.85","345397d8","06A0A7","339","37975","428","","B788","A7-BCC","1710207343","DOH","BRU","QR195","QR","0","-64","QTR195","QTR"
"36.78","42.94","3453a91a","484411","334","40000","414","","A332","PH-AOC","1710207338","DMM","AMS","KL425","KL","0","64","KLM425","KLM"
"38.56","42.98","345371d4","8965B5","109","39000","542","","B38M","A6-FMY","1710207338","KRK","DXB","FZ1458","FZ","0","0","FDB9FL","FDB"
"37.45","42.99","34538291","896462","297","38000","395","","A388","A6-APG","1710207339","AUH","LHR","EY11","EY","0","0","ETD89G","ETD"
"37.84","42.99","345383d5","896534","340","37975","416","","B789","A6-BLW","1710207335","AUH","FRA","EY1","EY","0","-64","ETD1","ETD"
"61.59","43.01","34527e79","78193A","262","38000","488","","A359","B-30F0","1710207342","CAN","CDG","CZ347","CZ","0","0","CSN347","CSN"
"37.7","43.04","34537eb1","89637C","339","36000","364","","A320","A6-EIS","1710207335","AUH","IST","EY99","EY","0","64","ETD9FP","ETD"
"41.65","43.04","34535934","440C5A","100","31025","543","","B748","OE-LFD","1710207342","BRU","CTU","KF994","KF","0","0","ABB994","ABB"
"44.06","43.05","3453dc32","155C46","93","33025","504","","SU95","RA-89158","1710207336","AER","LED","WZ12","WZ","0","0","RWZ012","RWZ"
"39.22","43.17","345265f4","76CEF0","294","32000","400","","B77W","9V-SWP","1710207342","SIN","CDG","SQ336","SQ","0","0","SIA336","SIA"
"36.3","43.18","34539766","06A2EA","333","38000","422","","B789","A7-BHG","1710207332","DOH","FRA","QR69","QR","0","0","QTR6Y","QTR"
"38.14","43.26","3453a19c","4BAAC3","292","36000","350","","B738","TC-JVC","1710207343","SYZ","IST","TK885","TK","0","0","THY4DP","THY"
"39.24","43.3","34526b37","76CDA3","294","40000","398","","A359","9V-SMC","1710207336","SIN","CPH","SQ352","SQ","0","0","SIA352","SIA"
"39.23","43.32","34526e9d","76CDAC","294","38000","392","","A359","9V-SML","1710207340","SIN","MUC","SQ328","SQ","0","0","SIA328","SIA"
"35.53","43.36","345388cc","4BB275","341","32000","390","","A21N","TC-LSU","1710207339","AUH","IST","TK869","TK","0","0","THY9YM","THY"
"35.87","43.37","34539d00","06A0C0","344","40000","426","","B788","A7-BDB","1710207335","DOH","DUS","QR87","QR","0","-64","QTR66K","QTR"
"37.01","43.37","34539715","06A2ED","338","38000","418","","B789","A7-BHJ","1710207343","DOH","CPH","QR161","QR","0","-64","QTR49K","QTR"
"37.02","43.41","34538970","8965F5","335","36000","410","","B789","A6-BNG","1710207339","AUH","MUC","EY5","EY","0","0","ETD33V","ETD"
"36.9","43.47","3453889d","896186","335","36000","412","","A388","A6-EEG","1710207339","DXB","MAN","EK21","EK","0","0","UAE1KM","UAE"
"36.77","43.54","3453873a","8963F7","336","40000","420","","A388","A6-EOZ","1710207340","DXB","LGW","EK11","EK","0","0","UAE11","UAE"
"41.43","43.62","34531d85","396447","270","37950","388","","A332","F-GZCH","1710207342","DEL","CDG","AF225","AF","0","-64","AFR225","AFR"
"36.39","43.74","34538eaa","8964BB","338","36000","412","","B789","A6-BLK","1710207339","AUH","DUS","EY39","EY","0","0","ETD9TV","ETD"
"41.43","43.74","3452a6c8","7811E5","270","35975","390","","A333","B-8690","1710207342","TFU","CAI","3U3863","3U","0","64","CSC3863","CSC"
"35.88","43.8","34538f33","8964FC","342","36000","423","","B78X","A6-BMA","1710207335","AUH","ZRH","EY73","EY","0","-64","ETD39B","ETD"
"36.28","43.8","34538ae8","89659C","337","38000","422","","A35K","A6-XWF","1710207340","AUH","CDG","EY31","EY","0","0","ETD3PA","ETD"
"34.47","43.85","3453a213","06A139","344","34000","432","","B77W","A7-BAW","1710207339","DOH","FCO","QR115","QR","0","0","QTR36X","QTR"
"40.75","43.86","3453ca5e","60001F","180","0","0","","GRND","","1710207342","","","","","1","0","",""
"34.19","43.88","345328e1","406F7B","90","39000","3","","B789","G-ZBKO","1710207325","LHR","DXB","BA105","BA","0","-64","BAW105","BAW"
"39.02","43.91","345383ee","896472","295","34000","397","","A388","A6-EUH","1710207341","DXB","JFK","EK203","EK","0","0","UAE8ER","UAE"
"36.01","43.94","3453930f","89648A","337","33975","426","","B789","A6-BLJ","1710207336","AUH","GVA","EY51","EY","0","0","ETD99E","ETD"
"38.19","43.95","345346a3","8015A8","115","35000","569","","B77W","VT-AEN","1710207343","LHR","BOM","AI130","AI","0","0","AIC130","AIC"
"34.73","43.96","34537597","4BB287","337","32000","378","","A21N","TC-LTG","1710207340","MCT","IST","TK775","TK","0","0","THY1JM","THY"
"35.73","43.97","34539e2f","06A2F3","346","37975","430","","B789","A7-BHP","1710207334","DOH","MUC","QR59","QR","0","-64","QTR5P","QTR"
"33.98","44.02","3453a5b7","06A104","344","38000","433","","A359","A7-ALP","1710207339","DOH","MXP","QR123","QR","0","0","QTR58X","QTR"
"33.85","44.02","3453c215","502D71","342","36000","399","","A321","YL-LDR","1710207339","KWI","SAW","TK7679","TK","0","-192","THY1AL","TKJ"
"38.16","44.02","34533b75","8964B0","117","39000","576","","A388","A6-EVB","1710207342","MAN","DXB","EK20","EK","0","-64","UAE20","UAE"
"39.32","44.03","345348c8","899000","112","39000","562","","A359","B-18901","1710207335","LHR","TPE","CI82","CI","0","0","CAL082","CAL"
"35.1","44.13","34533183","394A12","342","34000","424","","B77W","F-GSQS","1710207342","BOM","CDG","AF217","AF","0","0","AFR217","AFR"
"35.65","44.13","34538ee6","89656F","337","35975","414","","B78X","A6-BMJ","1710207338","AUH","BCN","EY49","EY","0","0","ETD88U","ETD"
"36.69","44.18","3453a00e","4BAA6B","166","31675","490","","A321","TC-JSK","1710207334","IST","EBL","TK804","TK","0","-2752","THY4BZ","THY"
"40.14","44.26","3453dbeb","4D241C","266","6025","241","","A21N","9H-WAG","1710207340","EVN","FCO","W48336","W4","0","2240","WMT519","WZZ"
"35.36","44.28","34538f86","4BB0E5","336","40000","420","","A359","TC-LGE","1710207342","DXB","IST","TK761","TK","0","0","THY5HK","THY"
"59.59","44.3","3452809e","88812A","277","38000","468","","B789","VN-A870","1710207341","HAN","FRA","VN37","VN","0","0","HVN37","HVN"
"35.29","44.31","345393ba","896537","337","36000","426","","B789","A6-BLZ","1710207342","AUH","MXP","EY81","EY","0","-64","ETD26N","ETD"
"41.49","44.34","34524e02","0101E0","267","37975","410","","B789","SU-GEW","1710207341","HGH","CAI","MS954","MS","0","64","MSR954","MSR"
"34.5","44.35","3452ef90","440C69","346","38000","422","","A332","OE-LCL","1710207340","CMB","FRA","UL553","UL","0","0","ALK553","ABB"
"41.93","44.39","34533313","89409E","63","35000","482","","A21N","A9C-NA","1710207341","BAH","DME","GF12","GF","0","-64","GFA012","GFA"
"40.15","44.4","3453e7fb","4B8E47","90","0","0","","B738","TC-CRG","1710207338","EVN","SAW","PC551","PC","1","0","PGT551","PGT"
"40.15","44.4","34539718","682308","5","0","0","","A320","JU-1410","1710207268","RMO","EVN","5F534","5F","1","0","FIA534","FIA"
"40.15","44.4","34539bd2","600020","180","0","0","","GRND","","1710207340","","","","","1","0","",""
"36.11","44.46","34534652","502D43","159","39000","458","","BCS3","YL-ABB","1710207340","RIX","DXB","BT791","BT","0","0","BTI791","BTI"
"38.84","44.63","34535d08","4BB26D","282","32025","366","","A21N","TC-LSM","1710207341","FRU","IST","TK347","TK","0","0","THY347","THY"
"61.68","44.67","3452e4b0","781F2F","264","38000","474","","A359","B-32DN","1710207341","PEK","VIE","CA841","CA","0","0","CCA841","CCA"
"38.6","44.68","3452a37b","885281","293","34000","400","","B77W","HS-TTA","1710207339","BKK","LHR","TG910","TG","0","0","THA910","THA"
"34.41","44.7","3453a035","89656D","358","36000","446","","B78X","A6-BMH","1710207340","AUH","VIE","EY53","EY","0","-64","ETD3BH","ETD"
"41.46","44.83","34537d63","4BAA52","269","32000","378","","A321","TC-JRR","1710207342","KZN","IST","TK428","TK","0","0","THY1TC","THY"
"56.47","44.87","3453c705","151E22","261","38000","443","","B738","RA-73250","1710207339","PEE","VKO","DP434","DP","0","0","PBD434","PBD"
"38.65","44.9","34529e44","885108","295","40000","411","","A359","HS-THH","1710207341","BKK","ARN","TG960","TG","0","0","THA960","THA"
"34.86","44.92","34534726","06A071","90","37000","345","","B77W","A7-BAG","1710207324","CDG","DOH","QR38","QR","0","0","QTR038","QTR"
"37.81","44.93","34533ff4","89647F","124","39000","568","","A388","A6-EUU","1710207341","LHR","DXB","EK4","EK","0","0","UAE4","UAE"
"41.67","44.96","34536e10","48ADAE","118","0","11","","E195","SP-LNO","1710207341","WAW","TBS","LO725","LO","1","0","LOT7CJ","LOT"
"34.84","45.04","34533539","407131","147","38975","144","","B789","G-VBOW","1710207335","LHR","DXB","VS400","VS","0","0","VIR400M","VIR"
"41.6","45.04","34536a2d","3C64A8","316","2875","122","","A21N","D-AIEH","1710207339","MUC","TBS","LH2558","LH","0","-768","DLH2558","DLH"
"37.73","45.05","34537a10","4408FB","116","35000","564","","B772","OE-LPF","1710207335","VIE","BKK","OS25","OS","0","0","AUA25","AUA"
"34.34","45.12","3453474a","06A100","162","41000","542","","A359","A7-ALL","1710207335","MXP","DOH","QR118","QR","0","0","QTR69J","QTR"
"34.58","45.14","3452ea7a","","159","45000","526","","GL5T","","1710207343","","","","","0","-64","GL5T",""
"41.5","45.14","345372dd","4BB074","276","38000","369","","B38M","TC-LCT","1710207341","NQZ","IST","TK355","TK","0","-64","THY355","THY"
"40.78","45.16","34520312","899020","273","36000","389","","B77W","B-18007","1710207340","TPE","FRA","CI61","CI","0","0","CAL061","CAL"
"33.93","45.21","345387cc","4B9C61","176","35025","484","","A321","TC-GCA","1710207338","IST","","B5111","B5","0","0","BBT111","BBT"
"35.56","45.32","3453dfe7","DA74AC","180","0","0","","GRND","","1710207342","","","","","1","0","",""
"38.49","45.33","34522caa","88516B","295","34000","393","","B77W","HS-TKK","1710207341","BKK","CDG","TG930","TG","0","0","THA930","THA"
"53.68","45.36","3453ce92","896502","124","36975","482","","A320","A6-AOV","1710207332","DME","SHJ","G9959","G9","0","0","ABY959","ABY"
"58.82","45.36","3453c18d","151E1E","287","38000","425","","B738","RA-73246","1710207341","UFA","LED","DP560","DP","0","0","PBD560","PBD"
"38.84","45.52","345366a1","4B191E","114","33000","559","","B77W","HB-JNI","1710207341","ZRH","SIN","LX176","LX","0","0","SWR176","SWR"
"55.72","45.86","3453bed5","151E20","276","38000","427","","B738","RA-73248","1710207342","UFA","VKO","DP436","DP","0","0","PBD436","PBD"
"41.13","45.96","345356f3","394A05","109","33000","557","","B77W","F-GSQF","1710207342","CDG","HND","AF274","AF","0","0","AFR274","AFR"
"38.24","45.96","34531fd7","3C66C2","295","38000","395","","A359","D-AIVB","1710207340","DEL","MUC","LH763","LH","0","0","DLH763","DLH"
"59.39","46.14","3453182e","800740","291","36000","466","","B788","VT-ANZ","1710207342","DEL","IAD","AI103","AI","0","0","AIC103","AIC"
"40.74","46.3","3453c211","600A21","303","0","0","","GRND","","1710207339","","","","","1","0","AZSM01",""
"36.6","46.45","345232ab","8964B1","146","39000","563","","A388","A6-EVC","1710207340","JFK","DXB","EK204","EK","0","0","UAE5V","UAE"
"61.13","46.54","3453b66e","151FDC","49","33000","418","","A320","RA-73692","1710207341","DME","SLY","YC32","YC","0","-64","LLM32","LLM"
"37.16","46.56","3453326e","8963E0","116","37000","554","","B77W","A6-EPQ","1710207339","BHX","DXB","EK38","EK","0","0","UAE59T","UAE"
"41.32","46.56","3452b1a3","78107A","280","36000","380","","A332","B-8468","1710207342","TFU","FCO","3U3895","3U","0","0","CSC3895","CSC"
"36.8","46.6","345393ce","896111","326","30000","414","","B77W","A6-ECJ","1710207340","DXB","MIA","EK213","EK","0","0","UAE6L","UAE"
"41.31","46.62","34525a10","71BE17","280","32000","396","","B748","HL7617","1710207340","ICN","VIE","KE591","KE","0","0","KAL591","KAL"
"38.45","46.7","34520f44","76CCE1","110","39000","562","","A359","9V-SGA","1710207335","EWR","SIN","SQ21","SQ","0","0","SIA21","SIA"
"38.0","46.84","34532c18","3C4A02","286","38000","407","","B789","D-ABPB","1710207340","HYD","FRA","LH753","LH","0","-64","DLH753","DLH"
"59.4","46.87","3453ce2b","151E14","280","38000","430","","B738","RA-73236","1710207342","PEE","LED","DP570","DP","0","0","PBD570","PBD"
"41.27","46.9","3451ece8","4BA948","281","34000","384","","B77W","TC-JJH","1710207341","HND","IST","TK199","TK","0","0","THY199","THY"
"38.35","46.9","34534f66","76CDA9","115","39000","562","","A359","9V-SMI","1710207340","CDG","SIN","SQ331","SQ","0","-64","SIA331","SIA"
"36.01","46.93","34539510","8964D1","146","39000","526","","B38M","A6-FMB","1710207339","OTP","DXB","FZ1796","FZ","0","0","FDB19T","FDB"
"40.93","47.0","34536f56","48AF0C","76","37000","498","","B38M","SP-LVM","1710207340","WAW","NQZ","LO195","LO","0","-64","LOT195","LOT"
"41.25","47.05","345259d5","3C6706","281","40000","413","","A359","D-AIXF","1710207342","PVG","MUC","LH727","LH","0","64","DLH727","DLH"
"37.95","47.09","34522118","899013","286","40000","392","","A359","B-18903","1710207340","TPE","VIE","CI63","CI","0","0","CAL063","CAL"
"56.5","47.1","34537539","151E58","260","38000","437","","B738","RA-73304","1710207339","BAX","SVO","DP6532","DP","0","0","PBD6532","PBD"
"39.59","47.2","3453cbc1","600A9C","19","0","0","","GRND","","1710207337","","","","","1","0","BCT07389",""
"37.52","47.35","3452a79d","885177","300","34000","392","","B77W","HS-TKW","1710207340","BKK","ZRH","TG970","TG","0","0","THA970","THA"
"41.2","47.37","3453899a","4BB1E2","281","38000","388","","A333","TC-LOB","1710207342","TAS","IST","TK371","TK","0","0","THY371","THY"
"40.9","47.52","34539525","4BA94C","96","31000","548","","B77W","TC-JJL","1710207342","IST","HND","TK198","TK","0","0","THY198","THY"
"40.66","47.55","3453573f","4D0105","111","30250","526","","B748","LX-VCE","1710207341","LUX","GYD","CV9981","CV","0","-1600","CLX6PL","CLX"
"53.57","47.55","34539f4b","60183D","316","32000","392","","B738","EZ-A015","1710207343","ASB","DME","T5723","T5","0","0","TUA723","TUA"
"46.18","47.58","3453c64b","5100FC","359","33000","400","","E195","EW-514PO","1710207341","TBS","MSQ","B2736","B2","0","0","BRU736","BRU"
"41.15","47.71","34524438","3C651A","281","38000","390","","A346","D-AIHZ","1710207340","HKG","FRA","LH797","LH","0","0","DLH797","DLH"
"61.8","47.77","3452e29d","78115C","267","38000","461","","A333","B-8385","1710207340","PEK","BCN","CA845","CA","0","0","CCA845","CCA"
"37.61","47.86","34528d78","76CDC1","303","34000","389","","B77W","9V-SNA","1710207341","SIN","LHR","SQ306","SQ","0","0","SIA306","SIA"
"54.37","47.91","34537f35","151D94","301","36000","418","","B738","RA-73108","1710207340","TAS","SVO","SU1871","SU","0","0","AFL1871","AFL"
"37.57","47.95","3453d1a0","4BC890","303","30000","371","","A21N","TC-RDP","1710207340","IKA","SAW","PC513","PC","0","-64","PGT513","PGT"
"34.63","48.03","34539a5e","896378","147","39000","521","","B738","A6-FEG","1710207340","IST","DXB","FZ756","FZ","0","0","FDB2KH","FDB"
"34.55","48.09","34536ece","896532","147","37000","521","","B38M","A6-FMM","1710207339","BUD","DXB","FZ1406","FZ","0","0","FDB1406","FDB"
"60.81","48.44","3453575e","7814C4","88","37000","457","","A333","B-302E","1710207341","LHR","SZX","ZH9068","ZH","0","0","CSZ9068","CSZ"
"37.77","48.48","3453a0e8","4BB0F2","115","35000","576","","A359","TC-LGR","1710207339","IST","CGK","TK56","TK","0","0","THY056",""
"46.2","48.52","3453a26b","151D98","110","36000","484","","B738","RA-73112","1710207340","SVO","DXB","SU524","SU","0","-64","AFL524","AFL"
"36.69","48.53","34534cfc","801593","302","42975","433","","GL7T","VT-PRI","1710207341","BOM","LTN","","","0","-64","VTPRI",""
"33.96","48.54","34532ec6","89645B","147","41000","549","","A388","A6-EUF","1710207342","LGW","DXB","EK10","EK","0","0","UAE28Y","UAE"
"41.45","48.6","345250a1","406F76","232","38375","458","","B789","G-ZBKJ","1710207340","HKG","LHR","BA28","BA","0","1024","BAW28","BAW"
"33.58","48.84","34533cc3","8963EA","147","39000","567","","A388","A6-EOM","1710207342","MXP","DXB","EK92","EK","0","0","UAE92","UAE"
"40.61","48.91","345334d3","780A18","88","35000","542","","B77W","B-KPW","1710207340","LHR","HKG","CX256","CX","0","0","CPA256","CPA"
"41.72","49.11","3453614f","3C6711","54","37000","510","","A359","D-AIXQ","1710207339","MUC","PVG","LH726","LH","0","0","DLH726","DLH"
"36.08","49.17","3453c3e2","155C30","136","33000","528","","SU95","RA-89136","1710207341","MRV","DWC","A46087","A4","0","0","AZO6087","AZO"
"36.64","49.33","34522e73","89907C","310","38000","410","","B789","B-17882","1710207341","TPE","MXP","BR95","BR","0","-64","EVA095","EVA"
"37.38","49.47","3453a0ce","4BB0E2","116","37000","553","","A359","TC-LGB","1710207340","IST","HAN","TK164","TK","0","0","THY164","THY"
"36.21","49.47","34531c0b","8005F1","122","41000","563","","B788","VT-ANH","1710207341","MXP","DEL","AI138","AI","0","-64","AIC138","AIC"
"61.83","49.63","3452efcf","78086C","269","34000","478","","B77W","B-2031","1710207340","PEK","MUC","CA961","CA","0","0","CCA961","CCA"
"36.39","49.69","3452c567","885178","310","34000","399","","B77W","HS-TKX","1710207341","BKK","CPH","TG950","TG","0","0","THA950","THA"
"36.39","49.7","3453dcfb","4BAA89","311","26975","400","","A321","TC-JTI","1710207341","IKA","IST","TK873","TK","0","1408","THY4HB","THY"
"40.13","49.93","34538505","4BB273","35","4225","180","","A21N","TC-LSS","1710207341","IST","GYD","TK338","TK","0","-704","THY6LX","THY"
"36.2","49.96","34529ca5","76CEE8","308","32000","408","","B77W","9V-SWH","1710207341","SIN","ZRH","SQ346","SQ","0","0","SIA346","SIA"
"37.16","50.03","34533ca7","801406","116","41000","544","","B789","VT-TSH","1710207341","CDG","DEL","UK22","UK","0","64","VTI022","VTI"
"40.48","50.04","34533904","600803","106","0","8","","A319","4K-AZ03","1710207341","LHE","GYD","J25048","J2","1","0","AHY5048","AHY"
"40.47","50.04","3453a0aa","49F041","258","0","15","","GRND","","1710207341","","","","","1","0","CAR2",""
"40.48","50.05","3453a426","600A82","323","0","0","","GRND","","1710207339","","","","","1","0","ANS07363",""
"40.46","50.05","3453ac26","600A64","92","0","0","","GRND","","1710207341","","","","","1","0","BCT07333",""
"40.47","50.05","34529433","600852","118","0","2","","B763","4K-AZ82","1710207320","PEK","GYD","J268","J2","1","0","AHY068","AHY"
"40.47","50.05","3453af40","49F040","180","0","0","","GRND","","1710207341","","","","","1","0","CAR1",""
"40.46","50.05","3453cf97","600A85","165","0","0","","GRND","","1710207326","","","","","1","0","ASS07366",""
"40.45","50.06","3453e1ee","600A7C","326","0","0","","GRND","","1710207337","","","","","1","0","AES07357",""
"40.46","50.07","345392ad","600A6A","255","0","6","","GRND","","1710207341","","","","","1","0","SNOW7339",""
"40.46","50.07","3453da4c","600A8C","90","0","0","","GRND","","1710207339","","","","","1","0","SNOW7373",""
"40.46","50.07","3453e7ec","600A74","140","0","1","","GRND","","1710207337","","","","","1","0","APS07349",""
"40.46","50.07","3453c1e0","600A86","42","0","0","","GRND","","1710207340","","","","","1","0","APS07367",""
"36.13","50.08","34535ad0","3C4AD5","308","36000","412","","B744","D-ABVU","1710207339","BOM","FRA","LH757","LH","0","0","DLH757","DLH"
"53.51","50.14","345393b8","10F62E","202","0","0","","GRND","","1710207339","","","","","1","0","RA63022",""
"53.51","50.14","345386cd","10F62F","50","0","1","","GRND","","1710207342","","","","","1","0","ORN078",""
"53.51","50.14","3453df0e","10F63A","216","0","0","","GRND","","1710207314","","","","","1","0","RA63034",""
"53.54","50.16","3453d98e","155C39","340","2250","144","","SU95","RA-89145","1710207340","KUF","TAS","WZ1311","WZ","0","1856","RWZ1311","RWZ"
"60.33","50.17","3453aa64","151FF1","253","34000","454","","A321","RA-73713","1710207340","SGC","SVO","SU1511","SU","0","0","AFL1511","AFL"
"46.92","50.28","345368de","8965D2","353","36000","419","","B38M","A6-FKG","1710207339","DXB","VKO","FZ969","FZ","0","0","FDB9KB","FDB"
"37.24","50.3","345372a5","51012D","177","37000","477","","B738","EW-544PA","1710207341","MSQ","SHJ","B2727","B2","0","0","BRU727","BRU"
"59.61","50.37","3452d6c0","78097B","269","39975","482","","B788","B-2723","1710207340","CKG","CDG","HU717","HU","0","0","CHH717","CHH"
"42.78","50.43","3453376d","040047","356","41000","454","","B788","ET-AOQ","1710207339","ADD","DME","ET760","ET","0","-64","ETH760","ETH"
"36.99","50.47","345329f6","76CD75","116","37000","548","","A388","9V-SKU","1710207340","LHR","SIN","SQ319","SQ","0","64","SIA319","SIA"
"35.6","50.48","3453526d","3C65AD","129","36975","536","","A388","D-AIMM","1710207339","MUC","BKK","LH772","LH","0","0","DLH772","DLH"
"40.84","50.7","3452707c","789242","278","38000","428","","A359","B-LQE","1710207340","HKG","MAD","CX315","CX","0","0","CPA315","CPA"
"60.47","50.79","3453a287","151E06","269","34000","442","","A319","RA-73222","1710207342","OMS","LED","SU6472","SU","0","0","SDM6472","SDM"
"49.96","50.88","345354b3","010256","2","36025","424","","A321","SU-TCM","1710207341","SSH","","UJ706","UJ","0","0","LMU706","LMU"
"60.82","50.89","34534ec1","781095","90","37000","451","","A333","B-8679","1710207340","LHR","TAO","JD432","JD","0","0","CBJ432","CBJ"
"35.54","50.98","345327ef","3C64F9","308","34000","394","","A343","D-AIGY","1710207340","MAA","FRA","LH759","LH","0","0","DLH759","DLH"
"40.81","51.02","34526f8b","780A66","278","34000","418","","B77W","B-KQR","1710207340","HKG","LHR","CX255","CX","0","0","CPA255","CPA"
"38.7","51.03","34535e78","8965B2","180","37000","475","","B38M","A6-FMV","1710207340","LED","DXB","FZ992","FZ","0","0","FDB7GE","FDB"
"38.89","51.03","34536a7c","8965C1","180","35000","482","","B38M","A6-FPB","1710207341","MSQ","DXB","FZ1716","FZ","0","-64","FDB1716","FDB"
"35.51","51.03","34528282","88510F","308","38000","416","","A359","HS-THO","1710207339","BKK","MUC","TG924","TG","0","0","THA924","THA"
"41.56","51.06","34539a3d","8965B1","180","37000","477","","B38M","A6-FMU","1710207340","KZN","DXB","FZ974","FZ","0","64","FDB5ZH","FDB"
"37.76","51.1","3453d0d5","89660B","165","37000","470","","B38M","A6-FQA","1710207341","MCX","DXB","FZ994","FZ","0","0","FDB5JD","FDB"
"40.71","51.11","34533da3","3965A7","86","35000","538","","B77W","F-GZNH","1710207340","CDG","PVG","AF116","AF","0","0","AFR116","AFR"
"62.77","51.13","3453ad32","155C02","55","35000","414","","SU95","RA-89090","1710207340","LED","NYM","YC878","YC","0","0","LLM878","LLM"
"35.41","51.16","3453eaa8","06A060","30","0","9","","A333","A7-AEN","1710207337","IKA","DOH","QR491","QR","1","0","QTR491","QTR"
"35.41","51.18","34525f7a","7335A3","288","3350","134","","A343","EP-MMC","1710207336","SZX","IKA","W586","W5","0","-704","IRM086","IRM"
"47.03","51.19","345388cf","600840","186","34000","477","","E190","4K-AZ64","1710207339","MSQ","GYD","J28702","J2","0","64","AHY8702","AHY"
"50.5","51.23","3453bf71","8965CC","173","37000","479","","B38M","A6-FKA","1710207339","VKO","DXB","FZ966","FZ","0","0","FDB4VD","FDB"
"47.19","51.4","3453ae62","896604","183","38000","472","","B38M","A6-FKN","1710207339","VKO","DXB","FZ988","FZ","0","0","FDB1NB","FDB"
"62.87","51.46","3453b29c","155BDA","55","33000","410","","SU95","RA-89050","1710207341","VKO","","4G415","4G","0","0","GZP415","GZP"
"43.0","51.47","3452730d","71C252","232","32000","458","","B77L","HL8252","1710207341","ICN","VIE","KE541","KE","0","0","KAL541","KAL"
"37.69","51.52","34537cbc","4BA9E7","127","35000","541","","A333","TC-JOG","1710207341","IST","HKT","TK172","TK","0","-64","THY172","THY"
"34.98","51.61","34533e11","3C6518","116","37000","534","","A346","D-AIHX","1710207340","FRA","HKG","LH796","LH","0","0","DLH796","DLH"
"56.83","51.76","3453d8a6","151E16","271","38000","441","","B738","RA-73238","1710207341","PEE","SVO","DP6512","DP","0","0","PBD6512","PBD"
"40.4","51.88","34539b5d","4BB142","103","33000","545","","B77W","TC-LJB","1710207341","IST","ICN","TK90","TK","0","0","THY90","THY"
"43.35","52.1","3452078c","780A89","233","34000","454","","B77W","B-KQU","1710207341","HKG","CDG","CX261","CX","0","0","CPA261","CPA"
"34.68","52.23","34533f42","3C4B2C","137","35025","552","","B748","D-ABYL","1710207340","FRA","SIN","LH778","LH","0","-64","DLH778","DLH"
"40.33","52.25","3453c14b","5140A6","283","30050","428","","B742","4L-GEN","1710207341","CRZ","CDG","D4902","D4","0","-64","GEL902","GEL"
"58.02","52.35","3453cef2","151E1C","299","38000","422","","B738","RA-73244","1710207339","CEK","LED","DP550","DP","0","0","PBD550","PBD"
"40.89","52.5","34526e8b","789232","258","38000","433","","A35K","B-LXL","1710207341","HKG","FRA","CX289","CX","0","0","CPA289","CPA"
"36.33","52.51","3452ec01","76CDB9","111","39000","562","","A359","9V-SMY","1710207338","FRA","SIN","SQ325","SQ","0","0","SIA325","SIA"
"36.31","52.57","34532062","800739","112","40975","551","","B788","VT-ANS","1710207340","BHX","DEL","AI114","AI","0","64","AIC114","AIC"
"40.25","52.66","34534f35","4072EA","284","36000","427","","B789","G-VWOO","1710207340","DEL","LHR","VS303","VS","0","0","VIR303","VIR"
"40.14","52.84","34538fb0","4BB146","123","33000","534","","B77W","TC-LJF","1710207335","IST","PEK","TK88","TK","0","0","THY88","THY"
"36.22","52.84","34537dd1","4BB14A","111","34050","529","","B77W","TC-LJJ","1710207340","IST","SIN","TK54","TK","0","1088","THY54","THY"
"40.01","53.03","3453938b","151E72","156","35000","512","","B772","RA-73330","1710207341","ZIA","HRI","WZ3077","WZ","0","0","RWZ3077","RWZ"
